sale_id,sale_date,customer_name,email,region_name,product_name,category,quantity,sale_amount
32,2023-12-03,Arjun Verma,arjun.verma@example.com,Central,Laptop,Electronics,2,150000.0
50,2024-01-06,Amit Kumar,amit.kumar@example.com,Central,Laptop,Electronics,3,225000.0
54,2023-09-30,Neha Gupta,neha.gupta@example.com,Central,Laptop,Electronics,2,150000.0
147,2023-03-02,Karan Chopra,karan.chopra@example.com,Central,Laptop,Electronics,3,225000.0
217,2024-01-08,Neha Iyer,neha.iyer@example.com,Central,Laptop,Electronics,3,225000.0
241,2024-02-23,Sneha Gupta,sneha.gupta@example.com,Central,Laptop,Electronics,1,75000.0
263,2024-03-27,Pooja Patel,pooja.patel@example.com,Central,Laptop,Electronics,2,150000.0
323,2024-07-03,Rahul Chopra,rahul.chopra@example.com,Central,Laptop,Electronics,1,75000.0
332,2023-03-07,Karan Chopra,karan.chopra@example.com,Central,Laptop,Electronics,4,300000.0
374,2023-12-27,Amit Kumar,amit.kumar@example.com,Central,Laptop,Electronics,5,375000.0
377,2024-01-04,Neha Patel,neha.patel@example.com,Central,Laptop,Electronics,5,375000.0
440,2023-06-22,Rahul Singh,rahul.singh@example.com,Central,Laptop,Electronics,5,375000.0
453,2023-12-02,Karan Gupta,karan.gupta@example.com,Central,Laptop,Electronics,3,225000.0
483,2024-09-13,Rahul Singh,rahul.singh@example.com,Central,Laptop,Electronics,4,300000.0
518,2023-05-24,Priya Sharma,priya.sharma@example.com,Central,Laptop,Electronics,5,375000.0
590,2024-11-28,Karan Reddy,karan.reddy@example.com,Central,Laptop,Electronics,1,75000.0
629,2024-04-04,Priya Verma,priya.verma@example.com,Central,Laptop,Electronics,3,225000.0
644,2023-08-07,Amit Chopra,amit.chopra@example.com,Central,Laptop,Electronics,5,375000.0
675,2023-08-26,Ravi Verma,ravi.verma@example.com,Central,Laptop,Electronics,1,75000.0
719,2024-10-04,Priya Mehta,priya.mehta@example.com,Central,Laptop,Electronics,4,300000.0
730,2024-12-16,Ravi Patel,ravi.patel@example.com,Central,Laptop,Electronics,3,225000.0
753,2023-04-02,Karan Chopra,karan.chopra@example.com,Central,Laptop,Electronics,5,375000.0
815,2023-07-13,Neha Verma,neha.verma@example.com,Central,Laptop,Electronics,4,300000.0
817,2023-04-07,Amit Gupta,amit.gupta@example.com,Central,Laptop,Electronics,4,300000.0
929,2023-11-06,Karan Reddy,karan.reddy@example.com,Central,Laptop,Electronics,1,75000.0
931,2023-05-06,Simran Patel,simran.patel@example.com,Central,Laptop,Electronics,2,150000.0
5,2024-08-03,Simran Mehta,simran.mehta@example.com,West,Laptop,Electronics,4,300000.0
17,2023-01-28,Neha Verma,neha.verma@example.com,West,Laptop,Electronics,2,150000.0
46,2024-03-09,Priya Patel,priya.patel@example.com,West,Laptop,Electronics,4,300000.0
143,2024-02-28,Priya Mehta,priya.mehta@example.com,West,Laptop,Electronics,5,375000.0
144,2024-02-04,Rahul Iyer,rahul.iyer@example.com,West,Laptop,Electronics,1,75000.0
184,2023-09-25,Priya Kumar,priya.kumar@example.com,West,Laptop,Electronics,4,300000.0
208,2023-05-07,Neha Singh,neha.singh@example.com,West,Laptop,Electronics,4,300000.0
239,2023-08-04,Neha Sharma,neha.sharma@example.com,West,Laptop,Electronics,3,225000.0
248,2024-02-24,Arjun Kumar,arjun.kumar@example.com,West,Laptop,Electronics,1,75000.0
253,2023-10-28,Amit Gupta,amit.gupta@example.com,West,Laptop,Electronics,4,300000.0
301,2024-09-08,Amit Verma,amit.verma@example.com,West,Laptop,Electronics,3,225000.0
358,2024-10-29,Ravi Reddy,ravi.reddy@example.com,West,Laptop,Electronics,5,375000.0
415,2023-09-01,Ravi Reddy,ravi.reddy@example.com,West,Laptop,Electronics,5,375000.0
422,2023-07-14,Karan Reddy,karan.reddy@example.com,West,Laptop,Electronics,4,300000.0
437,2024-07-29,Pooja Singh,pooja.singh@example.com,West,Laptop,Electronics,5,375000.0
441,2024-12-23,Karan Verma,karan.verma@example.com,West,Laptop,Electronics,1,75000.0
485,2023-09-12,Arjun Singh,arjun.singh@example.com,West,Laptop,Electronics,5,375000.0
596,2023-05-15,Pooja Singh,pooja.singh@example.com,West,Laptop,Electronics,1,75000.0
603,2024-04-29,Arjun Kumar,arjun.kumar@example.com,West,Laptop,Electronics,5,375000.0
660,2023-01-17,Arjun Kumar,arjun.kumar@example.com,West,Laptop,Electronics,1,75000.0
761,2023-05-26,Rahul Singh,rahul.singh@example.com,West,Laptop,Electronics,2,150000.0
783,2024-08-16,Rahul Chopra,rahul.chopra@example.com,West,Laptop,Electronics,5,375000.0
799,2024-01-15,Amit Verma,amit.verma@example.com,West,Laptop,Electronics,1,75000.0
870,2024-12-05,Simran Patel,simran.patel@example.com,West,Laptop,Electronics,4,300000.0
896,2023-12-28,Sneha Gupta,sneha.gupta@example.com,West,Laptop,Electronics,1,75000.0
904,2023-02-28,Priya Patel,priya.patel@example.com,West,Laptop,Electronics,3,225000.0
953,2023-09-25,Rahul Reddy,rahul.reddy@example.com,West,Laptop,Electronics,3,225000.0
967,2024-04-08,Arjun Reddy,arjun.reddy@example.com,West,Laptop,Electronics,5,375000.0
982,2023-11-26,Amit Kumar,amit.kumar@example.com,West,Laptop,Electronics,1,75000.0
56,2024-10-06,Karan Reddy,karan.reddy@example.com,East,Laptop,Electronics,4,300000.0
75,2023-09-05,Priya Patel,priya.patel@example.com,East,Laptop,Electronics,4,300000.0
113,2023-09-30,Rahul Chopra,rahul.chopra@example.com,East,Laptop,Electronics,4,300000.0
340,2023-09-08,Simran Gupta,simran.gupta@example.com,East,Laptop,Electronics,4,300000.0
353,2024-05-20,Priya Sharma,priya.sharma@example.com,East,Laptop,Electronics,3,225000.0
355,2024-01-18,Neha Iyer,neha.iyer@example.com,East,Laptop,Electronics,2,150000.0
360,2024-02-18,Rahul Iyer,rahul.iyer@example.com,East,Laptop,Electronics,4,300000.0
534,2024-03-02,Rahul Verma,rahul.verma@example.com,East,Laptop,Electronics,4,300000.0
633,2024-03-31,Sneha Reddy,sneha.reddy@example.com,East,Laptop,Electronics,1,75000.0
693,2023-08-25,Karan Sharma,karan.sharma@example.com,East,Laptop,Electronics,2,150000.0
715,2023-03-19,Simran Singh,simran.singh@example.com,East,Laptop,Electronics,4,300000.0
744,2023-06-26,Neha Patel,neha.patel@example.com,East,Laptop,Electronics,5,375000.0
789,2024-03-10,Rahul Mehta,rahul.mehta@example.com,East,Laptop,Electronics,3,225000.0
812,2024-07-25,Karan Chopra,karan.chopra@example.com,East,Laptop,Electronics,3,225000.0
834,2023-10-23,Amit Kumar,amit.kumar@example.com,East,Laptop,Electronics,5,375000.0
851,2023-07-22,Ravi Sharma,ravi.sharma@example.com,East,Laptop,Electronics,5,375000.0
918,2024-12-31,Priya Patel,priya.patel@example.com,East,Laptop,Electronics,1,75000.0
944,2024-09-27,Ravi Patel,ravi.patel@example.com,East,Laptop,Electronics,5,375000.0
952,2023-08-18,Arjun Reddy,arjun.reddy@example.com,East,Laptop,Electronics,3,225000.0
97,2024-11-28,Simran Patel,simran.patel@example.com,South,Laptop,Electronics,5,375000.0
101,2024-01-08,Sneha Patel,sneha.patel@example.com,South,Laptop,Electronics,3,225000.0
128,2024-12-29,Arjun Verma,arjun.verma@example.com,South,Laptop,Electronics,2,150000.0
134,2023-06-20,Karan Gupta,karan.gupta@example.com,South,Laptop,Electronics,3,225000.0
255,2024-05-30,Ravi Reddy,ravi.reddy@example.com,South,Laptop,Electronics,5,375000.0
264,2023-09-30,Ravi Patel,ravi.patel@example.com,South,Laptop,Electronics,4,300000.0
346,2024-12-20,Arjun Reddy,arjun.reddy@example.com,South,Laptop,Electronics,5,375000.0
357,2024-01-20,Arjun Kumar,arjun.kumar@example.com,South,Laptop,Electronics,4,300000.0
487,2023-02-13,Priya Sharma,priya.sharma@example.com,South,Laptop,Electronics,1,75000.0
491,2024-12-09,Ravi Chopra,ravi.chopra@example.com,South,Laptop,Electronics,5,375000.0
502,2023-11-23,Pooja Patel,pooja.patel@example.com,South,Laptop,Electronics,2,150000.0
528,2023-06-15,Priya Kumar,priya.kumar@example.com,South,Laptop,Electronics,2,150000.0
604,2024-06-23,Arjun Patel,arjun.patel@example.com,South,Laptop,Electronics,4,300000.0
692,2023-11-11,Karan Reddy,karan.reddy@example.com,South,Laptop,Electronics,5,375000.0
697,2024-01-10,Arjun Gupta,arjun.gupta@example.com,South,Laptop,Electronics,1,75000.0
885,2024-04-06,Ravi Chopra,ravi.chopra@example.com,South,Laptop,Electronics,2,150000.0
900,2023-04-19,Amit Verma,amit.verma@example.com,South,Laptop,Electronics,1,75000.0
923,2024-09-28,Pooja Iyer,pooja.iyer@example.com,South,Laptop,Electronics,5,375000.0
4,2024-04-07,Priya Singh,priya.singh@example.com,North,Laptop,Electronics,2,150000.0
35,2024-02-23,Karan Singh,karan.singh@example.com,North,Laptop,Electronics,2,150000.0
52,2024-01-07,Neha Singh,neha.singh@example.com,North,Laptop,Electronics,4,300000.0
60,2023-02-12,Priya Patel,priya.patel@example.com,North,Laptop,Electronics,5,375000.0
79,2023-02-01,Priya Chopra,priya.chopra@example.com,North,Laptop,Electronics,4,300000.0
186,2024-10-14,Neha Patel,neha.patel@example.com,North,Laptop,Electronics,5,375000.0
245,2024-04-29,Simran Mehta,simran.mehta@example.com,North,Laptop,Electronics,4,300000.0
260,2023-11-04,Amit Sharma,amit.sharma@example.com,North,Laptop,Electronics,4,300000.0
267,2023-07-21,Amit Reddy,amit.reddy@example.com,North,Laptop,Electronics,2,150000.0
379,2023-12-11,Priya Kumar,priya.kumar@example.com,North,Laptop,Electronics,5,375000.0
406,2023-01-29,Karan Singh,karan.singh@example.com,North,Laptop,Electronics,2,150000.0
432,2023-09-22,Amit Verma,amit.verma@example.com,North,Laptop,Electronics,1,75000.0
530,2023-09-05,Karan Gupta,karan.gupta@example.com,North,Laptop,Electronics,2,150000.0
605,2023-03-25,Neha Kumar,neha.kumar@example.com,North,Laptop,Electronics,5,375000.0
611,2023-11-13,Rahul Patel,rahul.patel@example.com,North,Laptop,Electronics,3,225000.0
645,2023-09-20,Pooja Patel,pooja.patel@example.com,North,Laptop,Electronics,5,375000.0
653,2024-09-19,Pooja Kumar,pooja.kumar@example.com,North,Laptop,Electronics,3,225000.0
657,2024-05-20,Priya Patel,priya.patel@example.com,North,Laptop,Electronics,3,225000.0
670,2024-01-07,Neha Chopra,neha.chopra@example.com,North,Laptop,Electronics,4,300000.0
671,2023-12-18,Ravi Patel,ravi.patel@example.com,North,Laptop,Electronics,1,75000.0
694,2024-05-18,Amit Gupta,amit.gupta@example.com,North,Laptop,Electronics,4,300000.0
735,2023-05-04,Rahul Patel,rahul.patel@example.com,North,Laptop,Electronics,5,375000.0
836,2023-03-25,Arjun Verma,arjun.verma@example.com,North,Laptop,Electronics,3,225000.0
887,2023-07-20,Rahul Iyer,rahul.iyer@example.com,North,Laptop,Electronics,3,225000.0
888,2024-06-04,Neha Kumar,neha.kumar@example.com,North,Laptop,Electronics,1,75000.0
892,2024-03-31,Rahul Iyer,rahul.iyer@example.com,North,Laptop,Electronics,4,300000.0
999,2023-08-07,Karan Reddy,karan.reddy@example.com,North,Laptop,Electronics,1,75000.0
58,2023-12-30,Pooja Iyer,pooja.iyer@example.com,Central,Mobile Phone,Electronics,5,125000.0
84,2023-08-11,Ravi Patel,ravi.patel@example.com,Central,Mobile Phone,Electronics,2,50000.0
130,2023-04-20,Ravi Chopra,ravi.chopra@example.com,Central,Mobile Phone,Electronics,1,25000.0
133,2024-11-23,Rahul Reddy,rahul.reddy@example.com,Central,Mobile Phone,Electronics,3,75000.0
169,2024-08-31,Pooja Iyer,pooja.iyer@example.com,Central,Mobile Phone,Electronics,2,50000.0
179,2024-07-04,Priya Sharma,priya.sharma@example.com,Central,Mobile Phone,Electronics,1,25000.0
210,2023-07-30,Arjun Singh,arjun.singh@example.com,Central,Mobile Phone,Electronics,4,100000.0
243,2024-07-04,Amit Reddy,amit.reddy@example.com,Central,Mobile Phone,Electronics,2,50000.0
339,2024-08-27,Simran Singh,simran.singh@example.com,Central,Mobile Phone,Electronics,2,50000.0
366,2023-11-25,Neha Sharma,neha.sharma@example.com,Central,Mobile Phone,Electronics,5,125000.0
368,2024-07-05,Priya Patel,priya.patel@example.com,Central,Mobile Phone,Electronics,1,25000.0
381,2023-01-13,Neha Verma,neha.verma@example.com,Central,Mobile Phone,Electronics,1,25000.0
478,2024-09-30,Karan Gupta,karan.gupta@example.com,Central,Mobile Phone,Electronics,3,75000.0
510,2024-04-09,Arjun Verma,arjun.verma@example.com,Central,Mobile Phone,Electronics,1,25000.0
537,2023-06-06,Pooja Sharma,pooja.sharma@example.com,Central,Mobile Phone,Electronics,3,75000.0
599,2023-01-28,Rahul Reddy,rahul.reddy@example.com,Central,Mobile Phone,Electronics,2,50000.0
630,2024-07-25,Karan Singh,karan.singh@example.com,Central,Mobile Phone,Electronics,5,125000.0
637,2024-10-02,Karan Sharma,karan.sharma@example.com,Central,Mobile Phone,Electronics,1,25000.0
695,2024-09-20,Neha Patel,neha.patel@example.com,Central,Mobile Phone,Electronics,5,125000.0
733,2023-01-09,Neha Mehta,neha.mehta@example.com,Central,Mobile Phone,Electronics,1,25000.0
771,2024-03-28,Simran Gupta,simran.gupta@example.com,Central,Mobile Phone,Electronics,5,125000.0
801,2024-03-15,Priya Patel,priya.patel@example.com,Central,Mobile Phone,Electronics,4,100000.0
848,2024-06-29,Rahul Chopra,rahul.chopra@example.com,Central,Mobile Phone,Electronics,4,100000.0
930,2023-12-22,Arjun Verma,arjun.verma@example.com,Central,Mobile Phone,Electronics,2,50000.0
39,2023-04-25,Simran Patel,simran.patel@example.com,West,Mobile Phone,Electronics,1,25000.0
145,2023-09-18,Rahul Singh,rahul.singh@example.com,West,Mobile Phone,Electronics,1,25000.0
146,2024-12-27,Arjun Reddy,arjun.reddy@example.com,West,Mobile Phone,Electronics,4,100000.0
148,2024-05-13,Ravi Reddy,ravi.reddy@example.com,West,Mobile Phone,Electronics,4,100000.0
211,2023-06-29,Rahul Reddy,rahul.reddy@example.com,West,Mobile Phone,Electronics,5,125000.0
354,2024-09-30,Simran Singh,simran.singh@example.com,West,Mobile Phone,Electronics,3,75000.0
465,2024-08-06,Karan Chopra,karan.chopra@example.com,West,Mobile Phone,Electronics,2,50000.0
471,2023-12-11,Pooja Iyer,pooja.iyer@example.com,West,Mobile Phone,Electronics,5,125000.0
476,2023-01-03,Neha Mehta,neha.mehta@example.com,West,Mobile Phone,Electronics,1,25000.0
539,2023-12-06,Simran Patel,simran.patel@example.com,West,Mobile Phone,Electronics,3,75000.0
566,2024-11-14,Priya Patel,priya.patel@example.com,West,Mobile Phone,Electronics,2,50000.0
579,2023-05-18,Simran Mehta,simran.mehta@example.com,West,Mobile Phone,Electronics,1,25000.0
588,2024-03-22,Ravi Patel,ravi.patel@example.com,West,Mobile Phone,Electronics,5,125000.0
665,2024-11-14,Amit Reddy,amit.reddy@example.com,West,Mobile Phone,Electronics,5,125000.0
742,2023-01-08,Rahul Chopra,rahul.chopra@example.com,West,Mobile Phone,Electronics,3,75000.0
766,2023-06-26,Ravi Patel,ravi.patel@example.com,West,Mobile Phone,Electronics,1,25000.0
822,2023-01-08,Sneha Kumar,sneha.kumar@example.com,West,Mobile Phone,Electronics,2,50000.0
838,2024-10-24,Sneha Iyer,sneha.iyer@example.com,West,Mobile Phone,Electronics,3,75000.0
959,2024-02-16,Ravi Patel,ravi.patel@example.com,West,Mobile Phone,Electronics,4,100000.0
48,2024-08-20,Simran Patel,simran.patel@example.com,East,Mobile Phone,Electronics,1,25000.0
62,2024-11-26,Priya Chopra,priya.chopra@example.com,East,Mobile Phone,Electronics,4,100000.0
66,2023-07-29,Pooja Iyer,pooja.iyer@example.com,East,Mobile Phone,Electronics,3,75000.0
135,2023-10-19,Amit Reddy,amit.reddy@example.com,East,Mobile Phone,Electronics,3,75000.0
136,2023-10-06,Rahul Sharma,rahul.sharma@example.com,East,Mobile Phone,Electronics,5,125000.0
197,2023-02-06,Sneha Reddy,sneha.reddy@example.com,East,Mobile Phone,Electronics,1,25000.0
200,2024-02-24,Priya Singh,priya.singh@example.com,East,Mobile Phone,Electronics,2,50000.0
204,2023-10-23,Ravi Reddy,ravi.reddy@example.com,East,Mobile Phone,Electronics,5,125000.0
238,2023-04-12,Arjun Reddy,arjun.reddy@example.com,East,Mobile Phone,Electronics,2,50000.0
247,2024-11-09,Amit Singh,amit.singh@example.com,East,Mobile Phone,Electronics,4,100000.0
311,2023-05-11,Sneha Reddy,sneha.reddy@example.com,East,Mobile Phone,Electronics,1,25000.0
423,2023-01-17,Pooja Sharma,pooja.sharma@example.com,East,Mobile Phone,Electronics,3,75000.0
443,2024-11-06,Arjun Verma,arjun.verma@example.com,East,Mobile Phone,Electronics,5,125000.0
464,2023-07-12,Rahul Chopra,rahul.chopra@example.com,East,Mobile Phone,Electronics,4,100000.0
481,2024-03-24,Neha Verma,neha.verma@example.com,East,Mobile Phone,Electronics,3,75000.0
586,2023-01-22,Priya Kumar,priya.kumar@example.com,East,Mobile Phone,Electronics,4,100000.0
610,2024-01-14,Priya Patel,priya.patel@example.com,East,Mobile Phone,Electronics,1,25000.0
642,2024-06-05,Karan Kumar,karan.kumar@example.com,East,Mobile Phone,Electronics,4,100000.0
677,2023-09-13,Simran Singh,simran.singh@example.com,East,Mobile Phone,Electronics,3,75000.0
717,2023-02-07,Priya Kumar,priya.kumar@example.com,East,Mobile Phone,Electronics,3,75000.0
764,2023-08-01,Amit Gupta,amit.gupta@example.com,East,Mobile Phone,Electronics,5,125000.0
770,2024-10-15,Neha Kumar,neha.kumar@example.com,East,Mobile Phone,Electronics,1,25000.0
864,2023-01-09,Neha Sharma,neha.sharma@example.com,East,Mobile Phone,Electronics,3,75000.0
909,2023-12-02,Pooja Kumar,pooja.kumar@example.com,East,Mobile Phone,Electronics,4,100000.0
917,2023-07-10,Arjun Reddy,arjun.reddy@example.com,East,Mobile Phone,Electronics,4,100000.0
954,2024-05-11,Karan Reddy,karan.reddy@example.com,East,Mobile Phone,Electronics,5,125000.0
974,2024-06-24,Priya Sharma,priya.sharma@example.com,East,Mobile Phone,Electronics,3,75000.0
10,2023-04-27,Arjun Gupta,arjun.gupta@example.com,South,Mobile Phone,Electronics,1,25000.0
49,2024-08-01,Neha Chopra,neha.chopra@example.com,South,Mobile Phone,Electronics,1,25000.0
116,2024-05-23,Ravi Verma,ravi.verma@example.com,South,Mobile Phone,Electronics,3,75000.0
123,2024-09-19,Amit Reddy,amit.reddy@example.com,South,Mobile Phone,Electronics,5,125000.0
125,2023-05-24,Karan Singh,karan.singh@example.com,South,Mobile Phone,Electronics,1,25000.0
185,2023-02-27,Arjun Patel,arjun.patel@example.com,South,Mobile Phone,Electronics,2,50000.0
191,2024-06-02,Neha Verma,neha.verma@example.com,South,Mobile Phone,Electronics,2,50000.0
192,2024-09-08,Ravi Chopra,ravi.chopra@example.com,South,Mobile Phone,Electronics,2,50000.0
229,2023-02-23,Priya Kumar,priya.kumar@example.com,South,Mobile Phone,Electronics,3,75000.0
302,2024-11-07,Rahul Singh,rahul.singh@example.com,South,Mobile Phone,Electronics,1,25000.0
313,2023-06-04,Arjun Patel,arjun.patel@example.com,South,Mobile Phone,Electronics,4,100000.0
336,2023-07-19,Ravi Reddy,ravi.reddy@example.com,South,Mobile Phone,Electronics,2,50000.0
425,2024-08-16,Rahul Singh,rahul.singh@example.com,South,Mobile Phone,Electronics,1,25000.0
458,2024-03-24,Pooja Sharma,pooja.sharma@example.com,South,Mobile Phone,Electronics,5,125000.0
488,2023-07-30,Simran Patel,simran.patel@example.com,South,Mobile Phone,Electronics,2,50000.0
522,2024-09-18,Karan Verma,karan.verma@example.com,South,Mobile Phone,Electronics,2,50000.0
556,2023-10-16,Amit Sharma,amit.sharma@example.com,South,Mobile Phone,Electronics,4,100000.0
559,2024-04-07,Pooja Singh,pooja.singh@example.com,South,Mobile Phone,Electronics,3,75000.0
583,2024-12-05,Karan Chopra,karan.chopra@example.com,South,Mobile Phone,Electronics,4,100000.0
632,2023-11-12,Ravi Chopra,ravi.chopra@example.com,South,Mobile Phone,Electronics,5,125000.0
682,2023-09-11,Rahul Iyer,rahul.iyer@example.com,South,Mobile Phone,Electronics,2,50000.0
790,2024-02-29,Simran Mehta,simran.mehta@example.com,South,Mobile Phone,Electronics,4,100000.0
845,2023-05-02,Rahul Iyer,rahul.iyer@example.com,South,Mobile Phone,Electronics,3,75000.0
849,2023-01-01,Rahul Verma,rahul.verma@example.com,South,Mobile Phone,Electronics,3,75000.0
853,2024-05-03,Ravi Patel,ravi.patel@example.com,South,Mobile Phone,Electronics,2,50000.0
865,2024-01-15,Arjun Chopra,arjun.chopra@example.com,South,Mobile Phone,Electronics,4,100000.0
871,2023-04-03,Priya Mehta,priya.mehta@example.com,South,Mobile Phone,Electronics,3,75000.0
879,2023-06-15,Neha Verma,neha.verma@example.com,South,Mobile Phone,Electronics,3,75000.0
905,2023-05-31,Arjun Gupta,arjun.gupta@example.com,South,Mobile Phone,Electronics,2,50000.0
1000,2024-05-20,Amit Reddy,amit.reddy@example.com,South,Mobile Phone,Electronics,3,75000.0
2,2023-10-08,Arjun Reddy,arjun.reddy@example.com,North,Mobile Phone,Electronics,4,100000.0
64,2023-09-28,Pooja Iyer,pooja.iyer@example.com,North,Mobile Phone,Electronics,3,75000.0
132,2023-05-20,Priya Mehta,priya.mehta@example.com,North,Mobile Phone,Electronics,3,75000.0
137,2024-02-26,Rahul Patel,rahul.patel@example.com,North,Mobile Phone,Electronics,1,25000.0
223,2023-03-28,Sneha Patel,sneha.patel@example.com,North,Mobile Phone,Electronics,2,50000.0
277,2023-04-15,Rahul Chopra,rahul.chopra@example.com,North,Mobile Phone,Electronics,3,75000.0
314,2023-04-19,Pooja Kumar,pooja.kumar@example.com,North,Mobile Phone,Electronics,4,100000.0
401,2024-07-20,Simran Patel,simran.patel@example.com,North,Mobile Phone,Electronics,5,125000.0
413,2024-11-20,Arjun Chopra,arjun.chopra@example.com,North,Mobile Phone,Electronics,4,100000.0
429,2023-05-27,Pooja Iyer,pooja.iyer@example.com,North,Mobile Phone,Electronics,5,125000.0
520,2023-11-04,Priya Kumar,priya.kumar@example.com,North,Mobile Phone,Electronics,1,25000.0
523,2024-01-28,Priya Kumar,priya.kumar@example.com,North,Mobile Phone,Electronics,4,100000.0
570,2023-08-26,Rahul Chopra,rahul.chopra@example.com,North,Mobile Phone,Electronics,4,100000.0
592,2023-10-17,Neha Verma,neha.verma@example.com,North,Mobile Phone,Electronics,2,50000.0
614,2023-10-13,Sneha Iyer,sneha.iyer@example.com,North,Mobile Phone,Electronics,3,75000.0
626,2024-05-21,Sneha Iyer,sneha.iyer@example.com,North,Mobile Phone,Electronics,2,50000.0
634,2024-08-01,Arjun Kumar,arjun.kumar@example.com,North,Mobile Phone,Electronics,5,125000.0
680,2023-03-27,Pooja Patel,pooja.patel@example.com,North,Mobile Phone,Electronics,4,100000.0
704,2024-01-22,Arjun Kumar,arjun.kumar@example.com,North,Mobile Phone,Electronics,5,125000.0
726,2023-11-12,Neha Verma,neha.verma@example.com,North,Mobile Phone,Electronics,3,75000.0
767,2023-01-13,Priya Gupta,priya.gupta@example.com,North,Mobile Phone,Electronics,2,50000.0
806,2023-12-11,Ravi Patel,ravi.patel@example.com,North,Mobile Phone,Electronics,4,100000.0
813,2024-07-23,Arjun Mehta,arjun.mehta@example.com,North,Mobile Phone,Electronics,3,75000.0
934,2024-09-22,Sneha Sharma,sneha.sharma@example.com,North,Mobile Phone,Electronics,1,25000.0
948,2023-06-10,Arjun Singh,arjun.singh@example.com,North,Mobile Phone,Electronics,5,125000.0
28,2024-11-11,Neha Kumar,neha.kumar@example.com,Central,Headphones,Accessories,4,12000.0
55,2023-11-07,Karan Reddy,karan.reddy@example.com,Central,Headphones,Accessories,5,15000.0
81,2023-09-10,Rahul Chopra,rahul.chopra@example.com,Central,Headphones,Accessories,1,3000.0
109,2023-07-06,Ravi Patel,ravi.patel@example.com,Central,Headphones,Accessories,4,12000.0
118,2024-12-14,Arjun Kumar,arjun.kumar@example.com,Central,Headphones,Accessories,5,15000.0
131,2024-05-13,Simran Verma,simran.verma@example.com,Central,Headphones,Accessories,2,6000.0
151,2024-08-23,Ravi Sharma,ravi.sharma@example.com,Central,Headphones,Accessories,2,6000.0
177,2023-12-07,Amit Gupta,amit.gupta@example.com,Central,Headphones,Accessories,4,12000.0
196,2024-08-23,Neha Sharma,neha.sharma@example.com,Central,Headphones,Accessories,1,3000.0
232,2024-05-14,Rahul Iyer,rahul.iyer@example.com,Central,Headphones,Accessories,4,12000.0
274,2024-12-10,Arjun Reddy,arjun.reddy@example.com,Central,Headphones,Accessories,3,9000.0
282,2024-03-03,Rahul Chopra,rahul.chopra@example.com,Central,Headphones,Accessories,5,15000.0
287,2023-07-22,Priya Mehta,priya.mehta@example.com,Central,Headphones,Accessories,5,15000.0
317,2024-03-12,Simran Patel,simran.patel@example.com,Central,Headphones,Accessories,3,9000.0
349,2024-10-24,Simran Singh,simran.singh@example.com,Central,Headphones,Accessories,1,3000.0
417,2023-04-10,Ravi Reddy,ravi.reddy@example.com,Central,Headphones,Accessories,3,9000.0
438,2024-10-07,Priya Singh,priya.singh@example.com,Central,Headphones,Accessories,4,12000.0
547,2023-12-13,Priya Chopra,priya.chopra@example.com,Central,Headphones,Accessories,5,15000.0
553,2023-09-08,Amit Gupta,amit.gupta@example.com,Central,Headphones,Accessories,1,3000.0
572,2023-02-06,Ravi Chopra,ravi.chopra@example.com,Central,Headphones,Accessories,4,12000.0
575,2023-08-01,Karan Sharma,karan.sharma@example.com,Central,Headphones,Accessories,1,3000.0
577,2023-03-28,Ravi Chopra,ravi.chopra@example.com,Central,Headphones,Accessories,3,9000.0
582,2024-06-12,Arjun Reddy,arjun.reddy@example.com,Central,Headphones,Accessories,4,12000.0
752,2024-05-11,Arjun Singh,arjun.singh@example.com,Central,Headphones,Accessories,5,15000.0
791,2024-08-15,Arjun Verma,arjun.verma@example.com,Central,Headphones,Accessories,3,9000.0
915,2023-12-04,Karan Singh,karan.singh@example.com,Central,Headphones,Accessories,3,9000.0
998,2024-11-30,Neha Iyer,neha.iyer@example.com,Central,Headphones,Accessories,2,6000.0
1,2024-04-05,Pooja Patel,pooja.patel@example.com,West,Headphones,Accessories,3,9000.0
12,2024-06-10,Simran Verma,simran.verma@example.com,West,Headphones,Accessories,1,3000.0
18,2024-04-21,Neha Verma,neha.verma@example.com,West,Headphones,Accessories,2,6000.0
76,2023-08-20,Simran Gupta,simran.gupta@example.com,West,Headphones,Accessories,5,15000.0
102,2023-08-10,Arjun Verma,arjun.verma@example.com,West,Headphones,Accessories,2,6000.0
111,2023-01-21,Neha Chopra,neha.chopra@example.com,West,Headphones,Accessories,3,9000.0
242,2024-01-29,Karan Singh,karan.singh@example.com,West,Headphones,Accessories,2,6000.0
262,2024-03-17,Amit Gupta,amit.gupta@example.com,West,Headphones,Accessories,5,15000.0
448,2023-10-09,Arjun Kumar,arjun.kumar@example.com,West,Headphones,Accessories,2,6000.0
456,2023-09-28,Simran Singh,simran.singh@example.com,West,Headphones,Accessories,2,6000.0
511,2023-05-26,Pooja Iyer,pooja.iyer@example.com,West,Headphones,Accessories,3,9000.0
512,2023-03-17,Neha Mehta,neha.mehta@example.com,West,Headphones,Accessories,3,9000.0
535,2024-04-23,Simran Mehta,simran.mehta@example.com,West,Headphones,Accessories,1,3000.0
627,2023-06-14,Priya Kumar,priya.kumar@example.com,West,Headphones,Accessories,2,6000.0
655,2023-08-12,Neha Gupta,neha.gupta@example.com,West,Headphones,Accessories,2,6000.0
729,2023-08-08,Simran Mehta,simran.mehta@example.com,West,Headphones,Accessories,4,12000.0
736,2024-04-07,Amit Verma,amit.verma@example.com,West,Headphones,Accessories,1,3000.0
750,2023-06-17,Neha Iyer,neha.iyer@example.com,West,Headphones,Accessories,5,15000.0
830,2024-07-13,Pooja Iyer,pooja.iyer@example.com,West,Headphones,Accessories,5,15000.0
855,2024-02-06,Priya Chopra,priya.chopra@example.com,West,Headphones,Accessories,3,9000.0
884,2024-09-26,Pooja Singh,pooja.singh@example.com,West,Headphones,Accessories,3,9000.0
908,2024-10-07,Ravi Chopra,ravi.chopra@example.com,West,Headphones,Accessories,5,15000.0
920,2024-12-20,Arjun Chopra,arjun.chopra@example.com,West,Headphones,Accessories,4,12000.0
955,2023-02-22,Arjun Verma,arjun.verma@example.com,West,Headphones,Accessories,1,3000.0
977,2024-02-23,Neha Verma,neha.verma@example.com,West,Headphones,Accessories,5,15000.0
981,2024-06-27,Neha Mehta,neha.mehta@example.com,West,Headphones,Accessories,1,3000.0
7,2023-10-26,Karan Chopra,karan.chopra@example.com,East,Headphones,Accessories,3,9000.0
68,2023-12-31,Rahul Iyer,rahul.iyer@example.com,East,Headphones,Accessories,4,12000.0
104,2023-06-23,Rahul Patel,rahul.patel@example.com,East,Headphones,Accessories,1,3000.0
139,2023-05-25,Arjun Patel,arjun.patel@example.com,East,Headphones,Accessories,1,3000.0
172,2024-05-31,Karan Singh,karan.singh@example.com,East,Headphones,Accessories,3,9000.0
203,2023-11-01,Priya Patel,priya.patel@example.com,East,Headphones,Accessories,2,6000.0
206,2023-06-06,Rahul Iyer,rahul.iyer@example.com,East,Headphones,Accessories,4,12000.0
216,2024-11-20,Neha Patel,neha.patel@example.com,East,Headphones,Accessories,4,12000.0
310,2024-10-17,Arjun Mehta,arjun.mehta@example.com,East,Headphones,Accessories,2,6000.0
445,2024-12-14,Pooja Sharma,pooja.sharma@example.com,East,Headphones,Accessories,4,12000.0
615,2023-02-09,Rahul Reddy,rahul.reddy@example.com,East,Headphones,Accessories,3,9000.0
738,2023-05-16,Arjun Verma,arjun.verma@example.com,East,Headphones,Accessories,5,15000.0
747,2024-11-04,Rahul Reddy,rahul.reddy@example.com,East,Headphones,Accessories,1,3000.0
805,2023-06-28,Neha Sharma,neha.sharma@example.com,East,Headphones,Accessories,4,12000.0
852,2024-07-16,Simran Singh,simran.singh@example.com,East,Headphones,Accessories,1,3000.0
914,2023-01-28,Rahul Iyer,rahul.iyer@example.com,East,Headphones,Accessories,4,12000.0
935,2023-02-13,Karan Reddy,karan.reddy@example.com,East,Headphones,Accessories,5,15000.0
964,2024-10-28,Rahul Verma,rahul.verma@example.com,East,Headphones,Accessories,4,12000.0
21,2023-11-29,Priya Patel,priya.patel@example.com,South,Headphones,Accessories,3,9000.0
29,2024-07-16,Ravi Verma,ravi.verma@example.com,South,Headphones,Accessories,2,6000.0
69,2023-08-19,Arjun Gupta,arjun.gupta@example.com,South,Headphones,Accessories,4,12000.0
71,2024-06-16,Sneha Gupta,sneha.gupta@example.com,South,Headphones,Accessories,1,3000.0
129,2024-01-20,Rahul Chopra,rahul.chopra@example.com,South,Headphones,Accessories,1,3000.0
138,2024-08-04,Priya Singh,priya.singh@example.com,South,Headphones,Accessories,4,12000.0
159,2024-09-23,Sneha Patel,sneha.patel@example.com,South,Headphones,Accessories,4,12000.0
180,2023-01-13,Rahul Gupta,rahul.gupta@example.com,South,Headphones,Accessories,4,12000.0
201,2024-10-05,Karan Singh,karan.singh@example.com,South,Headphones,Accessories,2,6000.0
202,2023-07-13,Pooja Patel,pooja.patel@example.com,South,Headphones,Accessories,1,3000.0
269,2023-05-17,Priya Chopra,priya.chopra@example.com,South,Headphones,Accessories,2,6000.0
283,2024-05-01,Rahul Chopra,rahul.chopra@example.com,South,Headphones,Accessories,3,9000.0
295,2023-12-09,Ravi Chopra,ravi.chopra@example.com,South,Headphones,Accessories,4,12000.0
326,2024-03-15,Priya Mehta,priya.mehta@example.com,South,Headphones,Accessories,5,15000.0
327,2023-06-20,Sneha Sharma,sneha.sharma@example.com,South,Headphones,Accessories,3,9000.0
452,2024-06-10,Karan Gupta,karan.gupta@example.com,South,Headphones,Accessories,5,15000.0
469,2024-04-02,Rahul Reddy,rahul.reddy@example.com,South,Headphones,Accessories,4,12000.0
503,2024-11-04,Pooja Iyer,pooja.iyer@example.com,South,Headphones,Accessories,1,3000.0
608,2023-02-10,Karan Singh,karan.singh@example.com,South,Headphones,Accessories,3,9000.0
641,2023-06-22,Rahul Iyer,rahul.iyer@example.com,South,Headphones,Accessories,1,3000.0
654,2023-10-21,Pooja Kumar,pooja.kumar@example.com,South,Headphones,Accessories,5,15000.0
678,2024-10-16,Amit Singh,amit.singh@example.com,South,Headphones,Accessories,1,3000.0
712,2023-04-09,Neha Kumar,neha.kumar@example.com,South,Headphones,Accessories,1,3000.0
760,2023-05-22,Priya Verma,priya.verma@example.com,South,Headphones,Accessories,1,3000.0
763,2024-02-24,Arjun Singh,arjun.singh@example.com,South,Headphones,Accessories,5,15000.0
772,2024-02-20,Priya Kumar,priya.kumar@example.com,South,Headphones,Accessories,4,12000.0
775,2024-06-24,Arjun Verma,arjun.verma@example.com,South,Headphones,Accessories,3,9000.0
776,2024-01-07,Rahul Patel,rahul.patel@example.com,South,Headphones,Accessories,4,12000.0
782,2023-07-01,Arjun Singh,arjun.singh@example.com,South,Headphones,Accessories,4,12000.0
793,2024-09-19,Karan Singh,karan.singh@example.com,South,Headphones,Accessories,3,9000.0
878,2024-07-07,Simran Mehta,simran.mehta@example.com,South,Headphones,Accessories,3,9000.0
897,2023-12-15,Ravi Chopra,ravi.chopra@example.com,South,Headphones,Accessories,4,12000.0
992,2024-12-09,Simran Patel,simran.patel@example.com,South,Headphones,Accessories,1,3000.0
994,2023-07-23,Simran Singh,simran.singh@example.com,South,Headphones,Accessories,2,6000.0
42,2023-12-16,Simran Sharma,simran.sharma@example.com,North,Headphones,Accessories,1,3000.0
105,2024-01-24,Arjun Patel,arjun.patel@example.com,North,Headphones,Accessories,5,15000.0
289,2024-08-28,Neha Kumar,neha.kumar@example.com,North,Headphones,Accessories,2,6000.0
293,2023-04-03,Arjun Kumar,arjun.kumar@example.com,North,Headphones,Accessories,2,6000.0
298,2023-11-11,Priya Mehta,priya.mehta@example.com,North,Headphones,Accessories,2,6000.0
320,2023-03-11,Karan Chopra,karan.chopra@example.com,North,Headphones,Accessories,4,12000.0
333,2023-12-25,Simran Sharma,simran.sharma@example.com,North,Headphones,Accessories,5,15000.0
359,2024-03-28,Simran Mehta,simran.mehta@example.com,North,Headphones,Accessories,5,15000.0
373,2024-10-09,Rahul Sharma,rahul.sharma@example.com,North,Headphones,Accessories,4,12000.0
387,2024-11-28,Karan Reddy,karan.reddy@example.com,North,Headphones,Accessories,5,15000.0
396,2024-03-22,Priya Patel,priya.patel@example.com,North,Headphones,Accessories,1,3000.0
421,2023-05-14,Rahul Sharma,rahul.sharma@example.com,North,Headphones,Accessories,1,3000.0
475,2023-10-29,Sneha Patel,sneha.patel@example.com,North,Headphones,Accessories,2,6000.0
479,2024-12-12,Priya Verma,priya.verma@example.com,North,Headphones,Accessories,5,15000.0
541,2023-04-09,Rahul Reddy,rahul.reddy@example.com,North,Headphones,Accessories,1,3000.0
613,2023-04-26,Rahul Singh,rahul.singh@example.com,North,Headphones,Accessories,1,3000.0
649,2024-08-11,Neha Iyer,neha.iyer@example.com,North,Headphones,Accessories,1,3000.0
683,2024-10-31,Arjun Verma,arjun.verma@example.com,North,Headphones,Accessories,3,9000.0
714,2024-10-04,Karan Singh,karan.singh@example.com,North,Headphones,Accessories,5,15000.0
784,2024-07-28,Amit Gupta,amit.gupta@example.com,North,Headphones,Accessories,1,3000.0
821,2024-05-26,Karan Chopra,karan.chopra@example.com,North,Headphones,Accessories,5,15000.0
825,2023-08-25,Priya Chopra,priya.chopra@example.com,North,Headphones,Accessories,3,9000.0
842,2024-02-08,Pooja Iyer,pooja.iyer@example.com,North,Headphones,Accessories,4,12000.0
860,2024-12-12,Rahul Patel,rahul.patel@example.com,North,Headphones,Accessories,2,6000.0
895,2023-11-29,Sneha Gupta,sneha.gupta@example.com,North,Headphones,Accessories,5,15000.0
911,2023-10-27,Arjun Reddy,arjun.reddy@example.com,North,Headphones,Accessories,2,6000.0
916,2023-09-17,Rahul Iyer,rahul.iyer@example.com,North,Headphones,Accessories,1,3000.0
921,2023-09-26,Karan Singh,karan.singh@example.com,North,Headphones,Accessories,3,9000.0
983,2024-08-29,Ravi Sharma,ravi.sharma@example.com,North,Headphones,Accessories,3,9000.0
95,2024-10-11,Priya Mehta,priya.mehta@example.com,Central,Office Chair,Furniture,5,40000.0
103,2023-09-25,Sneha Patel,sneha.patel@example.com,Central,Office Chair,Furniture,4,32000.0
165,2024-01-22,Rahul Chopra,rahul.chopra@example.com,Central,Office Chair,Furniture,2,16000.0
279,2023-01-02,Rahul Mehta,rahul.mehta@example.com,Central,Office Chair,Furniture,5,40000.0
285,2023-08-05,Sneha Kumar,sneha.kumar@example.com,Central,Office Chair,Furniture,2,16000.0
418,2023-12-08,Neha Singh,neha.singh@example.com,Central,Office Chair,Furniture,2,16000.0
420,2024-01-23,Arjun Reddy,arjun.reddy@example.com,Central,Office Chair,Furniture,5,40000.0
493,2024-01-09,Rahul Reddy,rahul.reddy@example.com,Central,Office Chair,Furniture,3,24000.0
563,2023-03-13,Pooja Patel,pooja.patel@example.com,Central,Office Chair,Furniture,2,16000.0
587,2024-03-02,Pooja Patel,pooja.patel@example.com,Central,Office Chair,Furniture,4,32000.0
619,2024-06-13,Karan Chopra,karan.chopra@example.com,Central,Office Chair,Furniture,3,24000.0
676,2024-07-01,Rahul Singh,rahul.singh@example.com,Central,Office Chair,Furniture,5,40000.0
687,2024-01-31,Arjun Chopra,arjun.chopra@example.com,Central,Office Chair,Furniture,4,32000.0
703,2023-07-06,Arjun Singh,arjun.singh@example.com,Central,Office Chair,Furniture,2,16000.0
724,2023-09-08,Karan Verma,karan.verma@example.com,Central,Office Chair,Furniture,1,8000.0
732,2024-10-10,Simran Verma,simran.verma@example.com,Central,Office Chair,Furniture,2,16000.0
734,2024-08-02,Ravi Sharma,ravi.sharma@example.com,Central,Office Chair,Furniture,1,8000.0
807,2024-12-09,Amit Sharma,amit.sharma@example.com,Central,Office Chair,Furniture,3,24000.0
839,2023-08-12,Ravi Reddy,ravi.reddy@example.com,Central,Office Chair,Furniture,5,40000.0
858,2024-04-18,Priya Chopra,priya.chopra@example.com,Central,Office Chair,Furniture,2,16000.0
894,2023-04-14,Rahul Verma,rahul.verma@example.com,Central,Office Chair,Furniture,5,40000.0
22,2024-08-17,Ravi Patel,ravi.patel@example.com,West,Office Chair,Furniture,5,40000.0
59,2023-09-09,Rahul Reddy,rahul.reddy@example.com,West,Office Chair,Furniture,5,40000.0
127,2023-11-09,Amit Verma,amit.verma@example.com,West,Office Chair,Furniture,4,32000.0
254,2024-12-29,Neha Singh,neha.singh@example.com,West,Office Chair,Furniture,4,32000.0
378,2024-06-24,Karan Verma,karan.verma@example.com,West,Office Chair,Furniture,5,40000.0
397,2024-12-30,Simran Mehta,simran.mehta@example.com,West,Office Chair,Furniture,2,16000.0
427,2023-01-24,Priya Kumar,priya.kumar@example.com,West,Office Chair,Furniture,1,8000.0
545,2024-04-03,Karan Chopra,karan.chopra@example.com,West,Office Chair,Furniture,5,40000.0
616,2023-12-20,Ravi Chopra,ravi.chopra@example.com,West,Office Chair,Furniture,2,16000.0
620,2024-01-16,Pooja Singh,pooja.singh@example.com,West,Office Chair,Furniture,3,24000.0
681,2023-01-08,Ravi Reddy,ravi.reddy@example.com,West,Office Chair,Furniture,3,24000.0
698,2023-01-30,Karan Chopra,karan.chopra@example.com,West,Office Chair,Furniture,3,24000.0
709,2023-09-21,Sneha Kumar,sneha.kumar@example.com,West,Office Chair,Furniture,1,8000.0
725,2024-01-23,Neha Patel,neha.patel@example.com,West,Office Chair,Furniture,5,40000.0
827,2023-10-10,Rahul Gupta,rahul.gupta@example.com,West,Office Chair,Furniture,4,32000.0
829,2023-11-02,Simran Mehta,simran.mehta@example.com,West,Office Chair,Furniture,5,40000.0
831,2023-03-20,Karan Sharma,karan.sharma@example.com,West,Office Chair,Furniture,4,32000.0
927,2024-10-01,Karan Kumar,karan.kumar@example.com,West,Office Chair,Furniture,2,16000.0
6,2023-01-07,Karan Singh,karan.singh@example.com,East,Office Chair,Furniture,4,32000.0
8,2024-09-11,Neha Verma,neha.verma@example.com,East,Office Chair,Furniture,5,40000.0
38,2023-08-16,Rahul Singh,rahul.singh@example.com,East,Office Chair,Furniture,3,24000.0
110,2024-03-11,Simran Verma,simran.verma@example.com,East,Office Chair,Furniture,3,24000.0
115,2024-04-28,Sneha Patel,sneha.patel@example.com,East,Office Chair,Furniture,1,8000.0
226,2023-03-28,Sneha Reddy,sneha.reddy@example.com,East,Office Chair,Furniture,5,40000.0
234,2023-04-25,Priya Verma,priya.verma@example.com,East,Office Chair,Furniture,5,40000.0
316,2023-11-12,Amit Singh,amit.singh@example.com,East,Office Chair,Furniture,3,24000.0
335,2024-06-19,Rahul Gupta,rahul.gupta@example.com,East,Office Chair,Furniture,2,16000.0
347,2023-07-23,Priya Mehta,priya.mehta@example.com,East,Office Chair,Furniture,4,32000.0
367,2024-05-22,Simran Patel,simran.patel@example.com,East,Office Chair,Furniture,1,8000.0
383,2024-07-11,Rahul Patel,rahul.patel@example.com,East,Office Chair,Furniture,4,32000.0
388,2024-07-09,Rahul Mehta,rahul.mehta@example.com,East,Office Chair,Furniture,2,16000.0
393,2024-05-01,Ravi Patel,ravi.patel@example.com,East,Office Chair,Furniture,4,32000.0
499,2024-02-21,Arjun Verma,arjun.verma@example.com,East,Office Chair,Furniture,1,8000.0
516,2023-08-25,Amit Chopra,amit.chopra@example.com,East,Office Chair,Furniture,2,16000.0
555,2023-12-16,Pooja Patel,pooja.patel@example.com,East,Office Chair,Furniture,1,8000.0
656,2023-10-15,Karan Reddy,karan.reddy@example.com,East,Office Chair,Furniture,1,8000.0
668,2024-11-21,Simran Patel,simran.patel@example.com,East,Office Chair,Furniture,1,8000.0
814,2023-08-05,Ravi Reddy,ravi.reddy@example.com,East,Office Chair,Furniture,1,8000.0
843,2024-07-07,Priya Mehta,priya.mehta@example.com,East,Office Chair,Furniture,1,8000.0
844,2024-01-26,Rahul Iyer,rahul.iyer@example.com,East,Office Chair,Furniture,1,8000.0
941,2023-06-27,Simran Sharma,simran.sharma@example.com,East,Office Chair,Furniture,1,8000.0
962,2024-07-17,Ravi Chopra,ravi.chopra@example.com,East,Office Chair,Furniture,3,24000.0
11,2023-07-20,Ravi Sharma,ravi.sharma@example.com,South,Office Chair,Furniture,3,24000.0
96,2024-04-01,Neha Patel,neha.patel@example.com,South,Office Chair,Furniture,5,40000.0
122,2023-03-31,Arjun Verma,arjun.verma@example.com,South,Office Chair,Furniture,1,8000.0
140,2023-09-16,Arjun Mehta,arjun.mehta@example.com,South,Office Chair,Furniture,2,16000.0
152,2023-05-19,Karan Gupta,karan.gupta@example.com,South,Office Chair,Furniture,2,16000.0
157,2023-11-07,Rahul Iyer,rahul.iyer@example.com,South,Office Chair,Furniture,2,16000.0
166,2023-11-24,Karan Reddy,karan.reddy@example.com,South,Office Chair,Furniture,4,32000.0
168,2023-08-10,Karan Reddy,karan.reddy@example.com,South,Office Chair,Furniture,4,32000.0
181,2023-08-22,Sneha Gupta,sneha.gupta@example.com,South,Office Chair,Furniture,3,24000.0
270,2023-11-21,Rahul Chopra,rahul.chopra@example.com,South,Office Chair,Furniture,1,8000.0
276,2023-12-19,Amit Reddy,amit.reddy@example.com,South,Office Chair,Furniture,4,32000.0
278,2023-03-16,Rahul Reddy,rahul.reddy@example.com,South,Office Chair,Furniture,4,32000.0
280,2023-05-30,Simran Patel,simran.patel@example.com,South,Office Chair,Furniture,2,16000.0
281,2024-04-14,Simran Verma,simran.verma@example.com,South,Office Chair,Furniture,1,8000.0
309,2023-08-15,Karan Gupta,karan.gupta@example.com,South,Office Chair,Furniture,5,40000.0
319,2023-06-11,Rahul Patel,rahul.patel@example.com,South,Office Chair,Furniture,4,32000.0
325,2024-03-28,Simran Sharma,simran.sharma@example.com,South,Office Chair,Furniture,3,24000.0
356,2023-05-25,Ravi Sharma,ravi.sharma@example.com,South,Office Chair,Furniture,3,24000.0
400,2023-07-29,Sneha Kumar,sneha.kumar@example.com,South,Office Chair,Furniture,2,16000.0
430,2024-07-23,Priya Mehta,priya.mehta@example.com,South,Office Chair,Furniture,4,32000.0
434,2024-02-19,Neha Patel,neha.patel@example.com,South,Office Chair,Furniture,5,40000.0
461,2023-04-13,Ravi Sharma,ravi.sharma@example.com,South,Office Chair,Furniture,4,32000.0
468,2024-09-03,Priya Mehta,priya.mehta@example.com,South,Office Chair,Furniture,4,32000.0
594,2023-03-10,Pooja Singh,pooja.singh@example.com,South,Office Chair,Furniture,5,40000.0
640,2023-12-22,Arjun Mehta,arjun.mehta@example.com,South,Office Chair,Furniture,3,24000.0
666,2024-08-28,Karan Kumar,karan.kumar@example.com,South,Office Chair,Furniture,3,24000.0
722,2023-01-06,Karan Chopra,karan.chopra@example.com,South,Office Chair,Furniture,4,32000.0
785,2024-06-12,Karan Gupta,karan.gupta@example.com,South,Office Chair,Furniture,2,16000.0
794,2023-06-15,Arjun Verma,arjun.verma@example.com,South,Office Chair,Furniture,1,8000.0
809,2024-11-29,Karan Sharma,karan.sharma@example.com,South,Office Chair,Furniture,3,24000.0
868,2024-12-05,Priya Verma,priya.verma@example.com,South,Office Chair,Furniture,2,16000.0
877,2023-06-28,Arjun Mehta,arjun.mehta@example.com,South,Office Chair,Furniture,3,24000.0
881,2023-12-21,Karan Gupta,karan.gupta@example.com,South,Office Chair,Furniture,2,16000.0
958,2024-07-12,Arjun Reddy,arjun.reddy@example.com,South,Office Chair,Furniture,3,24000.0
975,2023-08-10,Simran Sharma,simran.sharma@example.com,South,Office Chair,Furniture,3,24000.0
980,2023-02-02,Karan Verma,karan.verma@example.com,South,Office Chair,Furniture,5,40000.0
990,2023-11-21,Arjun Gupta,arjun.gupta@example.com,South,Office Chair,Furniture,2,16000.0
70,2023-03-22,Rahul Chopra,rahul.chopra@example.com,North,Office Chair,Furniture,3,24000.0
98,2024-10-08,Amit Singh,amit.singh@example.com,North,Office Chair,Furniture,2,16000.0
257,2023-09-12,Karan Chopra,karan.chopra@example.com,North,Office Chair,Furniture,4,32000.0
265,2024-01-08,Neha Gupta,neha.gupta@example.com,North,Office Chair,Furniture,4,32000.0
273,2024-12-08,Rahul Iyer,rahul.iyer@example.com,North,Office Chair,Furniture,2,16000.0
290,2024-05-17,Karan Chopra,karan.chopra@example.com,North,Office Chair,Furniture,1,8000.0
386,2024-11-16,Simran Mehta,simran.mehta@example.com,North,Office Chair,Furniture,2,16000.0
403,2024-09-28,Amit Sharma,amit.sharma@example.com,North,Office Chair,Furniture,2,16000.0
419,2024-01-20,Amit Sharma,amit.sharma@example.com,North,Office Chair,Furniture,1,8000.0
454,2024-03-19,Priya Singh,priya.singh@example.com,North,Office Chair,Furniture,4,32000.0
466,2024-12-25,Priya Sharma,priya.sharma@example.com,North,Office Chair,Furniture,1,8000.0
569,2024-12-16,Rahul Reddy,rahul.reddy@example.com,North,Office Chair,Furniture,5,40000.0
648,2023-11-28,Neha Sharma,neha.sharma@example.com,North,Office Chair,Furniture,2,16000.0
658,2023-06-07,Neha Iyer,neha.iyer@example.com,North,Office Chair,Furniture,3,24000.0
706,2023-03-20,Rahul Reddy,rahul.reddy@example.com,North,Office Chair,Furniture,2,16000.0
751,2024-02-17,Arjun Patel,arjun.patel@example.com,North,Office Chair,Furniture,1,8000.0
759,2023-06-12,Karan Reddy,karan.reddy@example.com,North,Office Chair,Furniture,5,40000.0
765,2023-04-16,Arjun Kumar,arjun.kumar@example.com,North,Office Chair,Furniture,1,8000.0
786,2024-05-16,Rahul Gupta,rahul.gupta@example.com,North,Office Chair,Furniture,5,40000.0
792,2023-10-10,Amit Reddy,amit.reddy@example.com,North,Office Chair,Furniture,5,40000.0
826,2023-12-25,Ravi Reddy,ravi.reddy@example.com,North,Office Chair,Furniture,4,32000.0
832,2024-02-13,Arjun Verma,arjun.verma@example.com,North,Office Chair,Furniture,1,8000.0
875,2023-03-11,Arjun Verma,arjun.verma@example.com,North,Office Chair,Furniture,4,32000.0
876,2024-12-13,Priya Mehta,priya.mehta@example.com,North,Office Chair,Furniture,3,24000.0
938,2023-03-28,Pooja Singh,pooja.singh@example.com,North,Office Chair,Furniture,4,32000.0
978,2023-08-21,Priya Patel,priya.patel@example.com,North,Office Chair,Furniture,4,32000.0
26,2023-12-07,Karan Singh,karan.singh@example.com,Central,Desk Lamp,Furniture,3,6000.0
86,2024-07-17,Arjun Singh,arjun.singh@example.com,Central,Desk Lamp,Furniture,2,4000.0
120,2023-10-15,Rahul Mehta,rahul.mehta@example.com,Central,Desk Lamp,Furniture,5,10000.0
170,2024-06-25,Rahul Iyer,rahul.iyer@example.com,Central,Desk Lamp,Furniture,5,10000.0
175,2023-04-03,Priya Kumar,priya.kumar@example.com,Central,Desk Lamp,Furniture,4,8000.0
187,2024-04-22,Karan Chopra,karan.chopra@example.com,Central,Desk Lamp,Furniture,5,10000.0
261,2024-08-25,Rahul Sharma,rahul.sharma@example.com,Central,Desk Lamp,Furniture,1,2000.0
291,2023-05-29,Priya Mehta,priya.mehta@example.com,Central,Desk Lamp,Furniture,2,4000.0
384,2023-07-03,Simran Verma,simran.verma@example.com,Central,Desk Lamp,Furniture,5,10000.0
409,2023-05-22,Simran Patel,simran.patel@example.com,Central,Desk Lamp,Furniture,3,6000.0
431,2024-07-06,Ravi Reddy,ravi.reddy@example.com,Central,Desk Lamp,Furniture,1,2000.0
450,2023-11-02,Rahul Patel,rahul.patel@example.com,Central,Desk Lamp,Furniture,5,10000.0
460,2023-10-12,Rahul Reddy,rahul.reddy@example.com,Central,Desk Lamp,Furniture,3,6000.0
486,2023-10-22,Simran Mehta,simran.mehta@example.com,Central,Desk Lamp,Furniture,3,6000.0
525,2023-07-29,Pooja Sharma,pooja.sharma@example.com,Central,Desk Lamp,Furniture,5,10000.0
558,2024-04-04,Simran Gupta,simran.gupta@example.com,Central,Desk Lamp,Furniture,4,8000.0
591,2023-01-28,Priya Singh,priya.singh@example.com,Central,Desk Lamp,Furniture,4,8000.0
662,2024-07-23,Rahul Patel,rahul.patel@example.com,Central,Desk Lamp,Furniture,2,4000.0
696,2024-06-17,Rahul Chopra,rahul.chopra@example.com,Central,Desk Lamp,Furniture,3,6000.0
745,2024-05-05,Neha Kumar,neha.kumar@example.com,Central,Desk Lamp,Furniture,1,2000.0
819,2024-07-25,Arjun Reddy,arjun.reddy@example.com,Central,Desk Lamp,Furniture,1,2000.0
932,2023-02-25,Arjun Verma,arjun.verma@example.com,Central,Desk Lamp,Furniture,2,4000.0
969,2024-06-17,Rahul Gupta,rahul.gupta@example.com,Central,Desk Lamp,Furniture,2,4000.0
986,2024-11-11,Neha Mehta,neha.mehta@example.com,Central,Desk Lamp,Furniture,2,4000.0
40,2024-02-20,Karan Singh,karan.singh@example.com,West,Desk Lamp,Furniture,2,4000.0
65,2023-12-24,Rahul Mehta,rahul.mehta@example.com,West,Desk Lamp,Furniture,4,8000.0
74,2023-09-21,Priya Verma,priya.verma@example.com,West,Desk Lamp,Furniture,1,2000.0
106,2024-02-13,Priya Gupta,priya.gupta@example.com,West,Desk Lamp,Furniture,3,6000.0
213,2024-08-09,Karan Chopra,karan.chopra@example.com,West,Desk Lamp,Furniture,1,2000.0
214,2023-03-11,Neha Verma,neha.verma@example.com,West,Desk Lamp,Furniture,2,4000.0
236,2023-03-01,Priya Gupta,priya.gupta@example.com,West,Desk Lamp,Furniture,4,8000.0
244,2024-07-23,Simran Verma,simran.verma@example.com,West,Desk Lamp,Furniture,3,6000.0
266,2023-10-22,Karan Singh,karan.singh@example.com,West,Desk Lamp,Furniture,4,8000.0
337,2023-01-02,Simran Mehta,simran.mehta@example.com,West,Desk Lamp,Furniture,1,2000.0
371,2024-11-05,Ravi Sharma,ravi.sharma@example.com,West,Desk Lamp,Furniture,3,6000.0
394,2023-05-29,Priya Gupta,priya.gupta@example.com,West,Desk Lamp,Furniture,4,8000.0
416,2024-10-05,Karan Gupta,karan.gupta@example.com,West,Desk Lamp,Furniture,2,4000.0
436,2023-09-25,Rahul Patel,rahul.patel@example.com,West,Desk Lamp,Furniture,1,2000.0
451,2023-11-04,Sneha Reddy,sneha.reddy@example.com,West,Desk Lamp,Furniture,4,8000.0
513,2023-01-15,Arjun Reddy,arjun.reddy@example.com,West,Desk Lamp,Furniture,1,2000.0
557,2023-03-21,Arjun Kumar,arjun.kumar@example.com,West,Desk Lamp,Furniture,5,10000.0
581,2023-10-22,Sneha Reddy,sneha.reddy@example.com,West,Desk Lamp,Furniture,4,8000.0
727,2024-06-06,Simran Singh,simran.singh@example.com,West,Desk Lamp,Furniture,1,2000.0
754,2023-08-29,Rahul Singh,rahul.singh@example.com,West,Desk Lamp,Furniture,5,10000.0
758,2024-09-30,Sneha Kumar,sneha.kumar@example.com,West,Desk Lamp,Furniture,3,6000.0
762,2024-09-20,Simran Sharma,simran.sharma@example.com,West,Desk Lamp,Furniture,5,10000.0
774,2024-09-07,Sneha Patel,sneha.patel@example.com,West,Desk Lamp,Furniture,2,4000.0
787,2023-11-10,Karan Reddy,karan.reddy@example.com,West,Desk Lamp,Furniture,4,8000.0
804,2023-06-15,Rahul Iyer,rahul.iyer@example.com,West,Desk Lamp,Furniture,3,6000.0
869,2023-09-25,Neha Gupta,neha.gupta@example.com,West,Desk Lamp,Furniture,2,4000.0
907,2024-05-30,Karan Singh,karan.singh@example.com,West,Desk Lamp,Furniture,2,4000.0
77,2023-08-20,Neha Patel,neha.patel@example.com,East,Desk Lamp,Furniture,3,6000.0
94,2023-07-13,Pooja Singh,pooja.singh@example.com,East,Desk Lamp,Furniture,5,10000.0
126,2023-04-12,Ravi Verma,ravi.verma@example.com,East,Desk Lamp,Furniture,3,6000.0
176,2024-10-26,Pooja Singh,pooja.singh@example.com,East,Desk Lamp,Furniture,3,6000.0
182,2023-10-11,Priya Patel,priya.patel@example.com,East,Desk Lamp,Furniture,5,10000.0
218,2023-01-25,Karan Gupta,karan.gupta@example.com,East,Desk Lamp,Furniture,4,8000.0
219,2023-08-15,Pooja Sharma,pooja.sharma@example.com,East,Desk Lamp,Furniture,1,2000.0
251,2024-11-03,Neha Verma,neha.verma@example.com,East,Desk Lamp,Furniture,1,2000.0
300,2024-12-06,Rahul Singh,rahul.singh@example.com,East,Desk Lamp,Furniture,3,6000.0
343,2024-02-26,Priya Singh,priya.singh@example.com,East,Desk Lamp,Furniture,1,2000.0
362,2024-06-02,Karan Sharma,karan.sharma@example.com,East,Desk Lamp,Furniture,5,10000.0
405,2024-01-24,Rahul Chopra,rahul.chopra@example.com,East,Desk Lamp,Furniture,5,10000.0
412,2024-04-16,Neha Gupta,neha.gupta@example.com,East,Desk Lamp,Furniture,5,10000.0
457,2023-10-13,Pooja Singh,pooja.singh@example.com,East,Desk Lamp,Furniture,1,2000.0
463,2023-02-06,Rahul Patel,rahul.patel@example.com,East,Desk Lamp,Furniture,2,4000.0
495,2024-03-22,Karan Singh,karan.singh@example.com,East,Desk Lamp,Furniture,3,6000.0
514,2024-10-27,Karan Gupta,karan.gupta@example.com,East,Desk Lamp,Furniture,2,4000.0
517,2024-09-03,Sneha Sharma,sneha.sharma@example.com,East,Desk Lamp,Furniture,1,2000.0
543,2024-07-27,Sneha Gupta,sneha.gupta@example.com,East,Desk Lamp,Furniture,1,2000.0
560,2024-11-01,Amit Reddy,amit.reddy@example.com,East,Desk Lamp,Furniture,1,2000.0
567,2024-08-08,Karan Singh,karan.singh@example.com,East,Desk Lamp,Furniture,1,2000.0
652,2024-02-11,Priya Gupta,priya.gupta@example.com,East,Desk Lamp,Furniture,1,2000.0
737,2023-01-08,Ravi Reddy,ravi.reddy@example.com,East,Desk Lamp,Furniture,2,4000.0
741,2024-11-03,Pooja Iyer,pooja.iyer@example.com,East,Desk Lamp,Furniture,3,6000.0
943,2023-10-05,Arjun Kumar,arjun.kumar@example.com,East,Desk Lamp,Furniture,4,8000.0
945,2023-06-04,Priya Verma,priya.verma@example.com,East,Desk Lamp,Furniture,4,8000.0
965,2023-04-10,Karan Singh,karan.singh@example.com,East,Desk Lamp,Furniture,3,6000.0
966,2024-05-21,Rahul Singh,rahul.singh@example.com,East,Desk Lamp,Furniture,1,2000.0
973,2024-08-25,Sneha Iyer,sneha.iyer@example.com,East,Desk Lamp,Furniture,5,10000.0
16,2023-07-01,Arjun Singh,arjun.singh@example.com,South,Desk Lamp,Furniture,3,6000.0
41,2024-01-30,Rahul Chopra,rahul.chopra@example.com,South,Desk Lamp,Furniture,2,4000.0
90,2024-08-06,Pooja Iyer,pooja.iyer@example.com,South,Desk Lamp,Furniture,5,10000.0
160,2023-11-19,Sneha Sharma,sneha.sharma@example.com,South,Desk Lamp,Furniture,3,6000.0
321,2023-08-03,Rahul Chopra,rahul.chopra@example.com,South,Desk Lamp,Furniture,3,6000.0
344,2024-06-27,Priya Kumar,priya.kumar@example.com,South,Desk Lamp,Furniture,4,8000.0
462,2023-10-18,Sneha Gupta,sneha.gupta@example.com,South,Desk Lamp,Furniture,4,8000.0
509,2024-06-13,Ravi Chopra,ravi.chopra@example.com,South,Desk Lamp,Furniture,1,2000.0
584,2024-12-26,Ravi Patel,ravi.patel@example.com,South,Desk Lamp,Furniture,5,10000.0
585,2024-02-05,Priya Kumar,priya.kumar@example.com,South,Desk Lamp,Furniture,5,10000.0
623,2023-04-29,Rahul Reddy,rahul.reddy@example.com,South,Desk Lamp,Furniture,1,2000.0
664,2023-11-16,Arjun Verma,arjun.verma@example.com,South,Desk Lamp,Furniture,5,10000.0
667,2023-07-02,Rahul Reddy,rahul.reddy@example.com,South,Desk Lamp,Furniture,3,6000.0
684,2023-08-23,Priya Patel,priya.patel@example.com,South,Desk Lamp,Furniture,2,4000.0
707,2023-05-24,Pooja Iyer,pooja.iyer@example.com,South,Desk Lamp,Furniture,3,6000.0
708,2023-03-09,Arjun Verma,arjun.verma@example.com,South,Desk Lamp,Furniture,4,8000.0
713,2024-01-09,Neha Sharma,neha.sharma@example.com,South,Desk Lamp,Furniture,3,6000.0
723,2023-04-27,Priya Patel,priya.patel@example.com,South,Desk Lamp,Furniture,1,2000.0
773,2024-09-13,Amit Kumar,amit.kumar@example.com,South,Desk Lamp,Furniture,2,4000.0
828,2023-12-14,Rahul Reddy,rahul.reddy@example.com,South,Desk Lamp,Furniture,3,6000.0
837,2023-01-12,Karan Verma,karan.verma@example.com,South,Desk Lamp,Furniture,5,10000.0
861,2023-01-25,Priya Mehta,priya.mehta@example.com,South,Desk Lamp,Furniture,2,4000.0
883,2023-04-24,Amit Gupta,amit.gupta@example.com,South,Desk Lamp,Furniture,3,6000.0
961,2024-06-26,Priya Gupta,priya.gupta@example.com,South,Desk Lamp,Furniture,5,10000.0
979,2024-03-14,Neha Iyer,neha.iyer@example.com,South,Desk Lamp,Furniture,2,4000.0
993,2023-11-23,Priya Gupta,priya.gupta@example.com,South,Desk Lamp,Furniture,3,6000.0
9,2024-06-10,Sneha Iyer,sneha.iyer@example.com,North,Desk Lamp,Furniture,3,6000.0
85,2023-09-22,Priya Kumar,priya.kumar@example.com,North,Desk Lamp,Furniture,4,8000.0
154,2024-10-26,Priya Gupta,priya.gupta@example.com,North,Desk Lamp,Furniture,5,10000.0
221,2023-02-13,Priya Singh,priya.singh@example.com,North,Desk Lamp,Furniture,4,8000.0
233,2024-03-23,Rahul Singh,rahul.singh@example.com,North,Desk Lamp,Furniture,5,10000.0
249,2023-07-05,Sneha Kumar,sneha.kumar@example.com,North,Desk Lamp,Furniture,1,2000.0
284,2023-06-19,Ravi Chopra,ravi.chopra@example.com,North,Desk Lamp,Furniture,1,2000.0
380,2024-03-04,Arjun Verma,arjun.verma@example.com,North,Desk Lamp,Furniture,1,2000.0
395,2024-08-11,Pooja Singh,pooja.singh@example.com,North,Desk Lamp,Furniture,5,10000.0
515,2024-07-02,Ravi Sharma,ravi.sharma@example.com,North,Desk Lamp,Furniture,2,4000.0
526,2023-06-30,Priya Singh,priya.singh@example.com,North,Desk Lamp,Furniture,3,6000.0
609,2024-10-12,Karan Singh,karan.singh@example.com,North,Desk Lamp,Furniture,2,4000.0
624,2023-02-21,Arjun Reddy,arjun.reddy@example.com,North,Desk Lamp,Furniture,2,4000.0
673,2023-02-06,Karan Kumar,karan.kumar@example.com,North,Desk Lamp,Furniture,1,2000.0
702,2024-04-30,Karan Reddy,karan.reddy@example.com,North,Desk Lamp,Furniture,5,10000.0
795,2023-05-30,Simran Singh,simran.singh@example.com,North,Desk Lamp,Furniture,5,10000.0
797,2024-02-17,Karan Sharma,karan.sharma@example.com,North,Desk Lamp,Furniture,4,8000.0
800,2023-09-30,Priya Patel,priya.patel@example.com,North,Desk Lamp,Furniture,2,4000.0
880,2023-11-24,Sneha Patel,sneha.patel@example.com,North,Desk Lamp,Furniture,3,6000.0
912,2023-10-27,Ravi Sharma,ravi.sharma@example.com,North,Desk Lamp,Furniture,2,4000.0
924,2024-12-24,Ravi Reddy,ravi.reddy@example.com,North,Desk Lamp,Furniture,5,10000.0
933,2024-02-07,Amit Reddy,amit.reddy@example.com,North,Desk Lamp,Furniture,5,10000.0
949,2024-09-21,Pooja Sharma,pooja.sharma@example.com,North,Desk Lamp,Furniture,3,6000.0
995,2023-12-26,Sneha Sharma,sneha.sharma@example.com,North,Desk Lamp,Furniture,3,6000.0
15,2023-04-12,Priya Patel,priya.patel@example.com,Central,Monitor,Electronics,1,12000.0
43,2023-12-01,Arjun Verma,arjun.verma@example.com,Central,Monitor,Electronics,4,48000.0
44,2023-07-21,Rahul Chopra,rahul.chopra@example.com,Central,Monitor,Electronics,1,12000.0
57,2024-03-28,Arjun Singh,arjun.singh@example.com,Central,Monitor,Electronics,5,60000.0
73,2023-02-15,Rahul Chopra,rahul.chopra@example.com,Central,Monitor,Electronics,5,60000.0
108,2024-07-17,Rahul Chopra,rahul.chopra@example.com,Central,Monitor,Electronics,2,24000.0
212,2024-05-25,Karan Chopra,karan.chopra@example.com,Central,Monitor,Electronics,3,36000.0
286,2024-04-13,Arjun Gupta,arjun.gupta@example.com,Central,Monitor,Electronics,3,36000.0
308,2023-10-27,Rahul Chopra,rahul.chopra@example.com,Central,Monitor,Electronics,3,36000.0
363,2023-05-11,Rahul Patel,rahul.patel@example.com,Central,Monitor,Electronics,3,36000.0
408,2023-06-25,Amit Reddy,amit.reddy@example.com,Central,Monitor,Electronics,4,48000.0
482,2023-03-05,Karan Gupta,karan.gupta@example.com,Central,Monitor,Electronics,2,24000.0
497,2024-01-23,Pooja Singh,pooja.singh@example.com,Central,Monitor,Electronics,5,60000.0
506,2023-05-03,Neha Singh,neha.singh@example.com,Central,Monitor,Electronics,3,36000.0
598,2024-08-25,Sneha Kumar,sneha.kumar@example.com,Central,Monitor,Electronics,2,24000.0
622,2024-09-01,Arjun Reddy,arjun.reddy@example.com,Central,Monitor,Electronics,5,60000.0
638,2023-07-10,Neha Sharma,neha.sharma@example.com,Central,Monitor,Electronics,5,60000.0
873,2023-03-10,Rahul Reddy,rahul.reddy@example.com,Central,Monitor,Electronics,5,60000.0
947,2024-11-16,Neha Gupta,neha.gupta@example.com,Central,Monitor,Electronics,5,60000.0
984,2023-06-02,Amit Reddy,amit.reddy@example.com,Central,Monitor,Electronics,2,24000.0
93,2023-11-16,Sneha Kumar,sneha.kumar@example.com,West,Monitor,Electronics,3,36000.0
141,2023-01-26,Amit Gupta,amit.gupta@example.com,West,Monitor,Electronics,5,60000.0
142,2023-03-24,Karan Kumar,karan.kumar@example.com,West,Monitor,Electronics,1,12000.0
164,2023-09-28,Karan Gupta,karan.gupta@example.com,West,Monitor,Electronics,4,48000.0
171,2023-10-29,Rahul Reddy,rahul.reddy@example.com,West,Monitor,Electronics,2,24000.0
183,2023-02-05,Neha Singh,neha.singh@example.com,West,Monitor,Electronics,4,48000.0
231,2024-09-19,Amit Verma,amit.verma@example.com,West,Monitor,Electronics,2,24000.0
240,2023-06-02,Ravi Chopra,ravi.chopra@example.com,West,Monitor,Electronics,1,12000.0
342,2024-06-05,Priya Patel,priya.patel@example.com,West,Monitor,Electronics,5,60000.0
345,2024-06-03,Priya Gupta,priya.gupta@example.com,West,Monitor,Electronics,2,24000.0
369,2024-01-04,Karan Reddy,karan.reddy@example.com,West,Monitor,Electronics,3,36000.0
414,2024-10-01,Pooja Patel,pooja.patel@example.com,West,Monitor,Electronics,3,36000.0
435,2024-03-15,Karan Singh,karan.singh@example.com,West,Monitor,Electronics,2,24000.0
449,2024-11-09,Arjun Verma,arjun.verma@example.com,West,Monitor,Electronics,3,36000.0
459,2023-09-14,Ravi Chopra,ravi.chopra@example.com,West,Monitor,Electronics,1,12000.0
467,2023-09-05,Arjun Kumar,arjun.kumar@example.com,West,Monitor,Electronics,4,48000.0
484,2023-03-07,Arjun Chopra,arjun.chopra@example.com,West,Monitor,Electronics,5,60000.0
498,2023-01-20,Ravi Chopra,ravi.chopra@example.com,West,Monitor,Electronics,5,60000.0
524,2024-07-28,Sneha Patel,sneha.patel@example.com,West,Monitor,Electronics,3,36000.0
542,2024-04-30,Arjun Verma,arjun.verma@example.com,West,Monitor,Electronics,5,60000.0
631,2024-08-01,Pooja Sharma,pooja.sharma@example.com,West,Monitor,Electronics,1,12000.0
639,2024-08-14,Arjun Reddy,arjun.reddy@example.com,West,Monitor,Electronics,2,24000.0
659,2024-03-16,Arjun Reddy,arjun.reddy@example.com,West,Monitor,Electronics,5,60000.0
691,2023-07-31,Ravi Chopra,ravi.chopra@example.com,West,Monitor,Electronics,4,48000.0
728,2023-08-02,Karan Reddy,karan.reddy@example.com,West,Monitor,Electronics,4,48000.0
781,2023-05-07,Priya Patel,priya.patel@example.com,West,Monitor,Electronics,2,24000.0
796,2023-01-19,Amit Reddy,amit.reddy@example.com,West,Monitor,Electronics,5,60000.0
886,2024-01-10,Pooja Singh,pooja.singh@example.com,West,Monitor,Electronics,4,48000.0
936,2024-07-02,Ravi Patel,ravi.patel@example.com,West,Monitor,Electronics,5,60000.0
942,2023-05-23,Arjun Reddy,arjun.reddy@example.com,West,Monitor,Electronics,5,60000.0
14,2024-05-14,Priya Sharma,priya.sharma@example.com,East,Monitor,Electronics,1,12000.0
149,2023-05-09,Simran Singh,simran.singh@example.com,East,Monitor,Electronics,1,12000.0
227,2023-11-29,Arjun Patel,arjun.patel@example.com,East,Monitor,Electronics,2,24000.0
246,2024-02-23,Karan Gupta,karan.gupta@example.com,East,Monitor,Electronics,4,48000.0
272,2023-02-21,Rahul Verma,rahul.verma@example.com,East,Monitor,Electronics,1,12000.0
304,2024-06-18,Simran Sharma,simran.sharma@example.com,East,Monitor,Electronics,4,48000.0
305,2024-07-30,Priya Mehta,priya.mehta@example.com,East,Monitor,Electronics,1,12000.0
312,2024-12-22,Priya Singh,priya.singh@example.com,East,Monitor,Electronics,3,36000.0
352,2024-01-09,Rahul Reddy,rahul.reddy@example.com,East,Monitor,Electronics,3,36000.0
375,2023-06-20,Karan Verma,karan.verma@example.com,East,Monitor,Electronics,3,36000.0
442,2024-01-21,Pooja Kumar,pooja.kumar@example.com,East,Monitor,Electronics,2,24000.0
496,2024-07-19,Rahul Reddy,rahul.reddy@example.com,East,Monitor,Electronics,5,60000.0
538,2023-07-13,Simran Mehta,simran.mehta@example.com,East,Monitor,Electronics,3,36000.0
550,2023-05-18,Sneha Patel,sneha.patel@example.com,East,Monitor,Electronics,1,12000.0
636,2023-06-16,Priya Verma,priya.verma@example.com,East,Monitor,Electronics,3,36000.0
650,2024-01-06,Rahul Verma,rahul.verma@example.com,East,Monitor,Electronics,4,48000.0
711,2024-09-21,Amit Chopra,amit.chopra@example.com,East,Monitor,Electronics,5,60000.0
746,2023-05-25,Simran Mehta,simran.mehta@example.com,East,Monitor,Electronics,3,36000.0
874,2023-12-17,Priya Mehta,priya.mehta@example.com,East,Monitor,Electronics,5,60000.0
63,2024-03-07,Arjun Patel,arjun.patel@example.com,South,Monitor,Electronics,3,36000.0
107,2024-06-29,Karan Reddy,karan.reddy@example.com,South,Monitor,Electronics,1,12000.0
163,2024-02-19,Arjun Reddy,arjun.reddy@example.com,South,Monitor,Electronics,2,24000.0
178,2024-02-11,Priya Verma,priya.verma@example.com,South,Monitor,Electronics,3,36000.0
209,2024-04-08,Arjun Kumar,arjun.kumar@example.com,South,Monitor,Electronics,2,24000.0
329,2023-08-13,Arjun Verma,arjun.verma@example.com,South,Monitor,Electronics,3,36000.0
426,2024-09-08,Arjun Chopra,arjun.chopra@example.com,South,Monitor,Electronics,4,48000.0
477,2023-06-03,Karan Singh,karan.singh@example.com,South,Monitor,Electronics,1,12000.0
519,2024-02-02,Simran Verma,simran.verma@example.com,South,Monitor,Electronics,2,24000.0
531,2024-01-24,Amit Sharma,amit.sharma@example.com,South,Monitor,Electronics,3,36000.0
544,2023-05-24,Neha Chopra,neha.chopra@example.com,South,Monitor,Electronics,3,36000.0
669,2024-05-26,Priya Verma,priya.verma@example.com,South,Monitor,Electronics,3,36000.0
690,2024-04-05,Ravi Patel,ravi.patel@example.com,South,Monitor,Electronics,2,24000.0
700,2023-01-14,Arjun Patel,arjun.patel@example.com,South,Monitor,Electronics,3,36000.0
720,2023-05-09,Amit Reddy,amit.reddy@example.com,South,Monitor,Electronics,4,48000.0
748,2023-10-31,Simran Mehta,simran.mehta@example.com,South,Monitor,Electronics,4,48000.0
910,2024-02-25,Karan Chopra,karan.chopra@example.com,South,Monitor,Electronics,3,36000.0
913,2024-11-16,Ravi Patel,ravi.patel@example.com,South,Monitor,Electronics,5,60000.0
926,2023-04-17,Neha Iyer,neha.iyer@example.com,South,Monitor,Electronics,1,12000.0
30,2023-11-02,Ravi Chopra,ravi.chopra@example.com,North,Monitor,Electronics,5,60000.0
33,2023-02-24,Arjun Reddy,arjun.reddy@example.com,North,Monitor,Electronics,3,36000.0
45,2024-06-18,Karan Singh,karan.singh@example.com,North,Monitor,Electronics,2,24000.0
92,2023-07-05,Pooja Iyer,pooja.iyer@example.com,North,Monitor,Electronics,3,36000.0
114,2024-12-24,Karan Singh,karan.singh@example.com,North,Monitor,Electronics,4,48000.0
155,2023-12-06,Karan Reddy,karan.reddy@example.com,North,Monitor,Electronics,4,48000.0
193,2023-12-31,Karan Reddy,karan.reddy@example.com,North,Monitor,Electronics,1,12000.0
222,2023-06-13,Ravi Sharma,ravi.sharma@example.com,North,Monitor,Electronics,3,36000.0
370,2023-09-24,Pooja Kumar,pooja.kumar@example.com,North,Monitor,Electronics,3,36000.0
389,2024-08-31,Amit Verma,amit.verma@example.com,North,Monitor,Electronics,1,12000.0
411,2023-07-15,Arjun Verma,arjun.verma@example.com,North,Monitor,Electronics,5,60000.0
447,2023-05-08,Arjun Singh,arjun.singh@example.com,North,Monitor,Electronics,1,12000.0
473,2023-04-03,Amit Chopra,amit.chopra@example.com,North,Monitor,Electronics,4,48000.0
540,2024-10-11,Priya Chopra,priya.chopra@example.com,North,Monitor,Electronics,2,24000.0
576,2024-08-29,Amit Chopra,amit.chopra@example.com,North,Monitor,Electronics,2,24000.0
595,2023-08-23,Neha Kumar,neha.kumar@example.com,North,Monitor,Electronics,4,48000.0
602,2024-09-25,Neha Iyer,neha.iyer@example.com,North,Monitor,Electronics,5,60000.0
646,2024-06-08,Amit Chopra,amit.chopra@example.com,North,Monitor,Electronics,2,24000.0
685,2024-12-27,Karan Verma,karan.verma@example.com,North,Monitor,Electronics,4,48000.0
802,2024-05-28,Neha Sharma,neha.sharma@example.com,North,Monitor,Electronics,2,24000.0
818,2023-09-05,Arjun Patel,arjun.patel@example.com,North,Monitor,Electronics,5,60000.0
835,2023-07-20,Amit Reddy,amit.reddy@example.com,North,Monitor,Electronics,2,24000.0
862,2023-02-12,Karan Reddy,karan.reddy@example.com,North,Monitor,Electronics,2,24000.0
882,2023-11-10,Karan Sharma,karan.sharma@example.com,North,Monitor,Electronics,3,36000.0
891,2024-09-16,Karan Singh,karan.singh@example.com,North,Monitor,Electronics,3,36000.0
903,2024-11-23,Amit Verma,amit.verma@example.com,North,Monitor,Electronics,5,60000.0
937,2024-10-05,Amit Reddy,amit.reddy@example.com,North,Monitor,Electronics,2,24000.0
946,2023-05-26,Ravi Verma,ravi.verma@example.com,North,Monitor,Electronics,2,24000.0
960,2024-11-27,Arjun Reddy,arjun.reddy@example.com,North,Monitor,Electronics,2,24000.0
985,2023-12-05,Simran Patel,simran.patel@example.com,North,Monitor,Electronics,1,12000.0
996,2023-05-22,Neha Verma,neha.verma@example.com,North,Monitor,Electronics,1,12000.0
34,2024-10-11,Priya Patel,priya.patel@example.com,Central,Keyboard,Accessories,1,1500.0
82,2024-01-14,Amit Verma,amit.verma@example.com,Central,Keyboard,Accessories,3,4500.0
89,2023-09-24,Arjun Singh,arjun.singh@example.com,Central,Keyboard,Accessories,4,6000.0
112,2024-02-07,Neha Singh,neha.singh@example.com,Central,Keyboard,Accessories,4,6000.0
124,2023-07-30,Priya Patel,priya.patel@example.com,Central,Keyboard,Accessories,3,4500.0
199,2023-05-30,Simran Singh,simran.singh@example.com,Central,Keyboard,Accessories,1,1500.0
271,2023-09-11,Amit Chopra,amit.chopra@example.com,Central,Keyboard,Accessories,1,1500.0
307,2023-12-02,Karan Sharma,karan.sharma@example.com,Central,Keyboard,Accessories,1,1500.0
322,2024-04-16,Ravi Reddy,ravi.reddy@example.com,Central,Keyboard,Accessories,1,1500.0
398,2024-06-26,Karan Sharma,karan.sharma@example.com,Central,Keyboard,Accessories,4,6000.0
455,2023-11-05,Simran Patel,simran.patel@example.com,Central,Keyboard,Accessories,2,3000.0
470,2024-11-02,Neha Gupta,neha.gupta@example.com,Central,Keyboard,Accessories,1,1500.0
472,2023-04-23,Rahul Singh,rahul.singh@example.com,Central,Keyboard,Accessories,4,6000.0
490,2023-03-26,Karan Gupta,karan.gupta@example.com,Central,Keyboard,Accessories,5,7500.0
492,2024-12-05,Neha Verma,neha.verma@example.com,Central,Keyboard,Accessories,4,6000.0
500,2024-04-24,Neha Kumar,neha.kumar@example.com,Central,Keyboard,Accessories,5,7500.0
508,2023-02-28,Simran Patel,simran.patel@example.com,Central,Keyboard,Accessories,5,7500.0
532,2023-11-07,Karan Chopra,karan.chopra@example.com,Central,Keyboard,Accessories,4,6000.0
578,2024-04-27,Sneha Sharma,sneha.sharma@example.com,Central,Keyboard,Accessories,5,7500.0
606,2023-06-17,Amit Kumar,amit.kumar@example.com,Central,Keyboard,Accessories,3,4500.0
618,2023-10-22,Karan Chopra,karan.chopra@example.com,Central,Keyboard,Accessories,3,4500.0
643,2023-01-04,Ravi Patel,ravi.patel@example.com,Central,Keyboard,Accessories,2,3000.0
768,2024-06-12,Priya Mehta,priya.mehta@example.com,Central,Keyboard,Accessories,1,1500.0
846,2023-05-07,Sneha Kumar,sneha.kumar@example.com,Central,Keyboard,Accessories,2,3000.0
850,2023-05-19,Karan Reddy,karan.reddy@example.com,Central,Keyboard,Accessories,4,6000.0
856,2024-03-13,Rahul Patel,rahul.patel@example.com,Central,Keyboard,Accessories,2,3000.0
872,2024-09-05,Arjun Reddy,arjun.reddy@example.com,Central,Keyboard,Accessories,2,3000.0
893,2024-10-03,Neha Patel,neha.patel@example.com,Central,Keyboard,Accessories,3,4500.0
925,2024-03-05,Amit Singh,amit.singh@example.com,Central,Keyboard,Accessories,4,6000.0
991,2024-10-09,Priya Patel,priya.patel@example.com,Central,Keyboard,Accessories,5,7500.0
31,2023-03-23,Ravi Reddy,ravi.reddy@example.com,West,Keyboard,Accessories,1,1500.0
36,2024-11-08,Priya Chopra,priya.chopra@example.com,West,Keyboard,Accessories,1,1500.0
47,2023-09-27,Rahul Reddy,rahul.reddy@example.com,West,Keyboard,Accessories,3,4500.0
51,2023-07-18,Rahul Gupta,rahul.gupta@example.com,West,Keyboard,Accessories,3,4500.0
150,2023-02-03,Sneha Sharma,sneha.sharma@example.com,West,Keyboard,Accessories,2,3000.0
259,2023-09-27,Simran Singh,simran.singh@example.com,West,Keyboard,Accessories,4,6000.0
297,2024-03-29,Pooja Sharma,pooja.sharma@example.com,West,Keyboard,Accessories,4,6000.0
328,2023-06-26,Pooja Kumar,pooja.kumar@example.com,West,Keyboard,Accessories,4,6000.0
331,2023-12-26,Ravi Chopra,ravi.chopra@example.com,West,Keyboard,Accessories,2,3000.0
338,2024-03-10,Sneha Sharma,sneha.sharma@example.com,West,Keyboard,Accessories,3,4500.0
372,2023-01-16,Ravi Reddy,ravi.reddy@example.com,West,Keyboard,Accessories,2,3000.0
407,2024-10-19,Sneha Gupta,sneha.gupta@example.com,West,Keyboard,Accessories,3,4500.0
446,2023-02-21,Priya Chopra,priya.chopra@example.com,West,Keyboard,Accessories,2,3000.0
507,2023-11-15,Arjun Reddy,arjun.reddy@example.com,West,Keyboard,Accessories,4,6000.0
527,2024-10-01,Arjun Mehta,arjun.mehta@example.com,West,Keyboard,Accessories,3,4500.0
561,2023-04-15,Pooja Patel,pooja.patel@example.com,West,Keyboard,Accessories,4,6000.0
600,2024-05-02,Priya Kumar,priya.kumar@example.com,West,Keyboard,Accessories,2,3000.0
607,2024-05-01,Rahul Sharma,rahul.sharma@example.com,West,Keyboard,Accessories,4,6000.0
679,2024-05-08,Neha Kumar,neha.kumar@example.com,West,Keyboard,Accessories,3,4500.0
710,2024-03-06,Simran Verma,simran.verma@example.com,West,Keyboard,Accessories,4,6000.0
721,2024-08-17,Arjun Patel,arjun.patel@example.com,West,Keyboard,Accessories,4,6000.0
743,2024-09-18,Priya Gupta,priya.gupta@example.com,West,Keyboard,Accessories,3,4500.0
810,2024-08-13,Sneha Iyer,sneha.iyer@example.com,West,Keyboard,Accessories,4,6000.0
867,2024-04-06,Ravi Patel,ravi.patel@example.com,West,Keyboard,Accessories,1,1500.0
901,2024-07-10,Neha Mehta,neha.mehta@example.com,West,Keyboard,Accessories,3,4500.0
951,2023-12-15,Ravi Sharma,ravi.sharma@example.com,West,Keyboard,Accessories,2,3000.0
957,2023-08-21,Priya Patel,priya.patel@example.com,West,Keyboard,Accessories,3,4500.0
970,2024-09-21,Karan Reddy,karan.reddy@example.com,West,Keyboard,Accessories,1,1500.0
997,2024-03-18,Amit Chopra,amit.chopra@example.com,West,Keyboard,Accessories,2,3000.0
19,2023-11-16,Neha Gupta,neha.gupta@example.com,East,Keyboard,Accessories,4,6000.0
24,2023-07-08,Sneha Gupta,sneha.gupta@example.com,East,Keyboard,Accessories,5,7500.0
67,2024-02-16,Simran Sharma,simran.sharma@example.com,East,Keyboard,Accessories,5,7500.0
91,2024-01-18,Karan Singh,karan.singh@example.com,East,Keyboard,Accessories,4,6000.0
99,2023-11-26,Pooja Sharma,pooja.sharma@example.com,East,Keyboard,Accessories,4,6000.0
299,2024-07-04,Karan Sharma,karan.sharma@example.com,East,Keyboard,Accessories,2,3000.0
324,2024-04-07,Pooja Patel,pooja.patel@example.com,East,Keyboard,Accessories,5,7500.0
334,2023-11-02,Rahul Iyer,rahul.iyer@example.com,East,Keyboard,Accessories,5,7500.0
410,2023-02-19,Simran Mehta,simran.mehta@example.com,East,Keyboard,Accessories,4,6000.0
480,2023-03-13,Rahul Patel,rahul.patel@example.com,East,Keyboard,Accessories,4,6000.0
621,2023-01-30,Karan Singh,karan.singh@example.com,East,Keyboard,Accessories,5,7500.0
647,2024-12-20,Arjun Reddy,arjun.reddy@example.com,East,Keyboard,Accessories,5,7500.0
651,2024-10-29,Rahul Iyer,rahul.iyer@example.com,East,Keyboard,Accessories,5,7500.0
699,2023-09-23,Rahul Reddy,rahul.reddy@example.com,East,Keyboard,Accessories,4,6000.0
756,2023-03-30,Arjun Gupta,arjun.gupta@example.com,East,Keyboard,Accessories,1,1500.0
808,2024-11-07,Amit Sharma,amit.sharma@example.com,East,Keyboard,Accessories,3,4500.0
840,2023-07-31,Ravi Chopra,ravi.chopra@example.com,East,Keyboard,Accessories,4,6000.0
841,2023-02-23,Karan Reddy,karan.reddy@example.com,East,Keyboard,Accessories,3,4500.0
889,2024-12-26,Arjun Patel,arjun.patel@example.com,East,Keyboard,Accessories,2,3000.0
899,2023-08-01,Priya Mehta,priya.mehta@example.com,East,Keyboard,Accessories,1,1500.0
906,2024-01-26,Pooja Singh,pooja.singh@example.com,East,Keyboard,Accessories,4,6000.0
950,2024-11-04,Karan Reddy,karan.reddy@example.com,East,Keyboard,Accessories,1,1500.0
13,2024-08-14,Sneha Reddy,sneha.reddy@example.com,South,Keyboard,Accessories,3,4500.0
72,2024-10-24,Rahul Verma,rahul.verma@example.com,South,Keyboard,Accessories,5,7500.0
156,2023-07-21,Rahul Iyer,rahul.iyer@example.com,South,Keyboard,Accessories,4,6000.0
161,2023-12-29,Priya Patel,priya.patel@example.com,South,Keyboard,Accessories,3,4500.0
173,2024-10-25,Rahul Iyer,rahul.iyer@example.com,South,Keyboard,Accessories,1,1500.0
188,2024-07-30,Neha Chopra,neha.chopra@example.com,South,Keyboard,Accessories,5,7500.0
228,2024-07-05,Arjun Kumar,arjun.kumar@example.com,South,Keyboard,Accessories,2,3000.0
294,2023-08-29,Amit Gupta,amit.gupta@example.com,South,Keyboard,Accessories,1,1500.0
348,2023-08-26,Ravi Reddy,ravi.reddy@example.com,South,Keyboard,Accessories,1,1500.0
404,2023-01-28,Ravi Chopra,ravi.chopra@example.com,South,Keyboard,Accessories,4,6000.0
428,2024-10-01,Priya Mehta,priya.mehta@example.com,South,Keyboard,Accessories,4,6000.0
444,2024-02-20,Karan Sharma,karan.sharma@example.com,South,Keyboard,Accessories,2,3000.0
546,2023-08-03,Priya Kumar,priya.kumar@example.com,South,Keyboard,Accessories,4,6000.0
548,2024-10-09,Neha Mehta,neha.mehta@example.com,South,Keyboard,Accessories,3,4500.0
549,2023-12-30,Pooja Sharma,pooja.sharma@example.com,South,Keyboard,Accessories,5,7500.0
689,2024-11-22,Rahul Iyer,rahul.iyer@example.com,South,Keyboard,Accessories,1,1500.0
780,2023-08-31,Priya Mehta,priya.mehta@example.com,South,Keyboard,Accessories,5,7500.0
816,2023-07-24,Karan Verma,karan.verma@example.com,South,Keyboard,Accessories,1,1500.0
823,2023-09-22,Arjun Mehta,arjun.mehta@example.com,South,Keyboard,Accessories,3,4500.0
824,2024-06-28,Priya Chopra,priya.chopra@example.com,South,Keyboard,Accessories,2,3000.0
854,2023-09-11,Rahul Reddy,rahul.reddy@example.com,South,Keyboard,Accessories,3,4500.0
866,2024-10-06,Pooja Patel,pooja.patel@example.com,South,Keyboard,Accessories,2,3000.0
922,2023-11-07,Arjun Kumar,arjun.kumar@example.com,South,Keyboard,Accessories,3,4500.0
939,2024-12-30,Rahul Chopra,rahul.chopra@example.com,South,Keyboard,Accessories,5,7500.0
972,2024-11-12,Ravi Verma,ravi.verma@example.com,South,Keyboard,Accessories,4,6000.0
989,2023-11-06,Karan Chopra,karan.chopra@example.com,South,Keyboard,Accessories,4,6000.0
23,2023-05-08,Karan Verma,karan.verma@example.com,North,Keyboard,Accessories,5,7500.0
78,2023-01-11,Neha Singh,neha.singh@example.com,North,Keyboard,Accessories,1,1500.0
117,2024-07-17,Ravi Chopra,ravi.chopra@example.com,North,Keyboard,Accessories,3,4500.0
189,2023-09-19,Karan Singh,karan.singh@example.com,North,Keyboard,Accessories,2,3000.0
195,2024-03-12,Amit Kumar,amit.kumar@example.com,North,Keyboard,Accessories,1,1500.0
198,2023-04-10,Karan Reddy,karan.reddy@example.com,North,Keyboard,Accessories,1,1500.0
225,2023-12-16,Simran Mehta,simran.mehta@example.com,North,Keyboard,Accessories,3,4500.0
256,2024-08-24,Rahul Iyer,rahul.iyer@example.com,North,Keyboard,Accessories,4,6000.0
315,2024-01-22,Simran Singh,simran.singh@example.com,North,Keyboard,Accessories,2,3000.0
330,2024-04-28,Priya Singh,priya.singh@example.com,North,Keyboard,Accessories,4,6000.0
521,2023-10-07,Simran Sharma,simran.sharma@example.com,North,Keyboard,Accessories,2,3000.0
536,2024-07-25,Ravi Reddy,ravi.reddy@example.com,North,Keyboard,Accessories,1,1500.0
612,2023-01-03,Karan Gupta,karan.gupta@example.com,North,Keyboard,Accessories,1,1500.0
625,2023-06-09,Priya Gupta,priya.gupta@example.com,North,Keyboard,Accessories,3,4500.0
628,2024-05-27,Priya Verma,priya.verma@example.com,North,Keyboard,Accessories,4,6000.0
635,2023-11-24,Simran Sharma,simran.sharma@example.com,North,Keyboard,Accessories,3,4500.0
740,2024-02-14,Rahul Iyer,rahul.iyer@example.com,North,Keyboard,Accessories,1,1500.0
847,2024-09-06,Karan Singh,karan.singh@example.com,North,Keyboard,Accessories,4,6000.0
863,2023-10-05,Karan Gupta,karan.gupta@example.com,North,Keyboard,Accessories,5,7500.0
919,2024-10-24,Ravi Patel,ravi.patel@example.com,North,Keyboard,Accessories,3,4500.0
963,2024-04-25,Neha Verma,neha.verma@example.com,North,Keyboard,Accessories,4,6000.0
968,2023-05-21,Ravi Chopra,ravi.chopra@example.com,North,Keyboard,Accessories,4,6000.0
971,2024-07-11,Sneha Gupta,sneha.gupta@example.com,North,Keyboard,Accessories,4,6000.0
3,2024-04-24,Priya Kumar,priya.kumar@example.com,Central,Mouse,Accessories,5,3500.0
61,2024-03-26,Arjun Verma,arjun.verma@example.com,Central,Mouse,Accessories,3,2100.0
158,2024-01-11,Karan Reddy,karan.reddy@example.com,Central,Mouse,Accessories,1,700.0
162,2023-11-15,Simran Singh,simran.singh@example.com,Central,Mouse,Accessories,4,2800.0
205,2023-04-20,Karan Singh,karan.singh@example.com,Central,Mouse,Accessories,2,1400.0
235,2023-06-11,Rahul Patel,rahul.patel@example.com,Central,Mouse,Accessories,1,700.0
258,2023-02-17,Rahul Patel,rahul.patel@example.com,Central,Mouse,Accessories,3,2100.0
306,2024-09-25,Karan Chopra,karan.chopra@example.com,Central,Mouse,Accessories,2,1400.0
318,2023-04-12,Pooja Kumar,pooja.kumar@example.com,Central,Mouse,Accessories,4,2800.0
382,2023-07-24,Rahul Mehta,rahul.mehta@example.com,Central,Mouse,Accessories,3,2100.0
390,2023-11-18,Priya Chopra,priya.chopra@example.com,Central,Mouse,Accessories,1,700.0
439,2024-03-25,Rahul Iyer,rahul.iyer@example.com,Central,Mouse,Accessories,1,700.0
474,2024-08-28,Neha Verma,neha.verma@example.com,Central,Mouse,Accessories,3,2100.0
501,2024-10-15,Simran Mehta,simran.mehta@example.com,Central,Mouse,Accessories,3,2100.0
551,2024-09-28,Neha Verma,neha.verma@example.com,Central,Mouse,Accessories,4,2800.0
580,2024-04-03,Pooja Patel,pooja.patel@example.com,Central,Mouse,Accessories,5,3500.0
718,2024-12-11,Ravi Chopra,ravi.chopra@example.com,Central,Mouse,Accessories,2,1400.0
890,2023-01-28,Simran Verma,simran.verma@example.com,Central,Mouse,Accessories,1,700.0
898,2023-02-13,Arjun Mehta,arjun.mehta@example.com,Central,Mouse,Accessories,1,700.0
956,2023-12-09,Sneha Sharma,sneha.sharma@example.com,Central,Mouse,Accessories,1,700.0
119,2024-04-28,Simran Mehta,simran.mehta@example.com,West,Mouse,Accessories,3,2100.0
167,2023-11-13,Karan Verma,karan.verma@example.com,West,Mouse,Accessories,5,3500.0
194,2024-05-30,Pooja Patel,pooja.patel@example.com,West,Mouse,Accessories,3,2100.0
230,2024-01-26,Simran Sharma,simran.sharma@example.com,West,Mouse,Accessories,5,3500.0
275,2023-06-26,Karan Reddy,karan.reddy@example.com,West,Mouse,Accessories,5,3500.0
351,2023-07-27,Amit Sharma,amit.sharma@example.com,West,Mouse,Accessories,5,3500.0
364,2024-06-17,Karan Reddy,karan.reddy@example.com,West,Mouse,Accessories,4,2800.0
365,2024-05-15,Priya Gupta,priya.gupta@example.com,West,Mouse,Accessories,3,2100.0
376,2023-08-03,Simran Verma,simran.verma@example.com,West,Mouse,Accessories,2,1400.0
391,2023-08-23,Pooja Singh,pooja.singh@example.com,West,Mouse,Accessories,5,3500.0
392,2023-03-05,Arjun Patel,arjun.patel@example.com,West,Mouse,Accessories,3,2100.0
399,2024-12-07,Neha Verma,neha.verma@example.com,West,Mouse,Accessories,4,2800.0
433,2024-05-04,Neha Mehta,neha.mehta@example.com,West,Mouse,Accessories,3,2100.0
494,2024-01-11,Amit Gupta,amit.gupta@example.com,West,Mouse,Accessories,5,3500.0
504,2023-08-25,Amit Verma,amit.verma@example.com,West,Mouse,Accessories,4,2800.0
533,2023-02-08,Amit Singh,amit.singh@example.com,West,Mouse,Accessories,2,1400.0
562,2024-09-02,Priya Verma,priya.verma@example.com,West,Mouse,Accessories,5,3500.0
574,2023-10-31,Arjun Kumar,arjun.kumar@example.com,West,Mouse,Accessories,2,1400.0
589,2023-10-16,Pooja Iyer,pooja.iyer@example.com,West,Mouse,Accessories,5,3500.0
601,2024-02-04,Rahul Sharma,rahul.sharma@example.com,West,Mouse,Accessories,4,2800.0
705,2024-11-12,Karan Reddy,karan.reddy@example.com,West,Mouse,Accessories,2,1400.0
777,2024-01-06,Karan Chopra,karan.chopra@example.com,West,Mouse,Accessories,1,700.0
779,2024-09-01,Amit Gupta,amit.gupta@example.com,West,Mouse,Accessories,2,1400.0
820,2024-01-28,Pooja Iyer,pooja.iyer@example.com,West,Mouse,Accessories,5,3500.0
857,2023-01-27,Karan Verma,karan.verma@example.com,West,Mouse,Accessories,3,2100.0
859,2023-07-11,Arjun Verma,arjun.verma@example.com,West,Mouse,Accessories,2,1400.0
902,2024-02-16,Amit Singh,amit.singh@example.com,West,Mouse,Accessories,5,3500.0
928,2023-12-22,Pooja Patel,pooja.patel@example.com,West,Mouse,Accessories,4,2800.0
940,2024-09-30,Neha Verma,neha.verma@example.com,West,Mouse,Accessories,5,3500.0
976,2023-11-22,Rahul Mehta,rahul.mehta@example.com,West,Mouse,Accessories,4,2800.0
20,2024-08-02,Karan Chopra,karan.chopra@example.com,East,Mouse,Accessories,2,1400.0
25,2024-05-26,Rahul Reddy,rahul.reddy@example.com,East,Mouse,Accessories,2,1400.0
53,2023-07-31,Sneha Kumar,sneha.kumar@example.com,East,Mouse,Accessories,4,2800.0
83,2023-06-21,Priya Mehta,priya.mehta@example.com,East,Mouse,Accessories,4,2800.0
88,2023-02-23,Rahul Chopra,rahul.chopra@example.com,East,Mouse,Accessories,5,3500.0
121,2024-03-29,Rahul Iyer,rahul.iyer@example.com,East,Mouse,Accessories,1,700.0
153,2024-02-07,Pooja Singh,pooja.singh@example.com,East,Mouse,Accessories,2,1400.0
174,2023-06-04,Karan Chopra,karan.chopra@example.com,East,Mouse,Accessories,5,3500.0
207,2023-11-08,Karan Kumar,karan.kumar@example.com,East,Mouse,Accessories,5,3500.0
224,2024-01-08,Ravi Sharma,ravi.sharma@example.com,East,Mouse,Accessories,1,700.0
237,2024-11-12,Karan Chopra,karan.chopra@example.com,East,Mouse,Accessories,4,2800.0
268,2023-07-04,Ravi Reddy,ravi.reddy@example.com,East,Mouse,Accessories,4,2800.0
292,2024-05-21,Simran Mehta,simran.mehta@example.com,East,Mouse,Accessories,5,3500.0
296,2023-06-28,Rahul Reddy,rahul.reddy@example.com,East,Mouse,Accessories,5,3500.0
361,2024-02-20,Ravi Sharma,ravi.sharma@example.com,East,Mouse,Accessories,1,700.0
424,2023-06-19,Neha Patel,neha.patel@example.com,East,Mouse,Accessories,1,700.0
597,2024-01-29,Arjun Gupta,arjun.gupta@example.com,East,Mouse,Accessories,4,2800.0
617,2024-05-14,Pooja Patel,pooja.patel@example.com,East,Mouse,Accessories,3,2100.0
701,2023-06-09,Priya Patel,priya.patel@example.com,East,Mouse,Accessories,3,2100.0
788,2024-04-12,Pooja Patel,pooja.patel@example.com,East,Mouse,Accessories,3,2100.0
798,2024-07-10,Sneha Iyer,sneha.iyer@example.com,East,Mouse,Accessories,1,700.0
803,2024-02-13,Simran Patel,simran.patel@example.com,East,Mouse,Accessories,3,2100.0
833,2023-04-07,Priya Patel,priya.patel@example.com,East,Mouse,Accessories,5,3500.0
80,2023-08-16,Ravi Chopra,ravi.chopra@example.com,South,Mouse,Accessories,2,1400.0
87,2023-09-24,Priya Mehta,priya.mehta@example.com,South,Mouse,Accessories,1,700.0
100,2023-04-11,Simran Mehta,simran.mehta@example.com,South,Mouse,Accessories,2,1400.0
190,2024-08-17,Sneha Iyer,sneha.iyer@example.com,South,Mouse,Accessories,5,3500.0
215,2023-04-16,Rahul Iyer,rahul.iyer@example.com,South,Mouse,Accessories,4,2800.0
252,2024-04-23,Ravi Patel,ravi.patel@example.com,South,Mouse,Accessories,4,2800.0
341,2024-02-09,Karan Singh,karan.singh@example.com,South,Mouse,Accessories,4,2800.0
489,2023-08-01,Ravi Verma,ravi.verma@example.com,South,Mouse,Accessories,4,2800.0
505,2024-08-05,Priya Kumar,priya.kumar@example.com,South,Mouse,Accessories,2,1400.0
552,2023-07-24,Pooja Iyer,pooja.iyer@example.com,South,Mouse,Accessories,1,700.0
564,2023-06-06,Rahul Reddy,rahul.reddy@example.com,South,Mouse,Accessories,3,2100.0
565,2024-05-04,Sneha Sharma,sneha.sharma@example.com,South,Mouse,Accessories,4,2800.0
571,2024-12-12,Arjun Kumar,arjun.kumar@example.com,South,Mouse,Accessories,3,2100.0
593,2023-07-28,Arjun Chopra,arjun.chopra@example.com,South,Mouse,Accessories,3,2100.0
661,2024-12-15,Karan Singh,karan.singh@example.com,South,Mouse,Accessories,4,2800.0
672,2024-12-14,Neha Chopra,neha.chopra@example.com,South,Mouse,Accessories,3,2100.0
686,2024-11-23,Sneha Sharma,sneha.sharma@example.com,South,Mouse,Accessories,3,2100.0
731,2023-03-05,Rahul Patel,rahul.patel@example.com,South,Mouse,Accessories,5,3500.0
987,2024-05-31,Rahul Reddy,rahul.reddy@example.com,South,Mouse,Accessories,4,2800.0
988,2024-10-10,Amit Singh,amit.singh@example.com,South,Mouse,Accessories,4,2800.0
27,2023-11-09,Simran Verma,simran.verma@example.com,North,Mouse,Accessories,1,700.0
37,2024-08-16,Amit Gupta,amit.gupta@example.com,North,Mouse,Accessories,5,3500.0
220,2023-12-13,Karan Reddy,karan.reddy@example.com,North,Mouse,Accessories,3,2100.0
250,2024-05-19,Arjun Reddy,arjun.reddy@example.com,North,Mouse,Accessories,4,2800.0
288,2023-05-05,Priya Patel,priya.patel@example.com,North,Mouse,Accessories,2,1400.0
303,2023-07-14,Simran Patel,simran.patel@example.com,North,Mouse,Accessories,4,2800.0
350,2024-04-12,Karan Sharma,karan.sharma@example.com,North,Mouse,Accessories,3,2100.0
385,2023-11-27,Pooja Sharma,pooja.sharma@example.com,North,Mouse,Accessories,2,1400.0
402,2024-02-15,Arjun Kumar,arjun.kumar@example.com,North,Mouse,Accessories,2,1400.0
529,2024-08-23,Amit Gupta,amit.gupta@example.com,North,Mouse,Accessories,3,2100.0
554,2023-12-12,Pooja Patel,pooja.patel@example.com,North,Mouse,Accessories,3,2100.0
568,2024-02-18,Priya Verma,priya.verma@example.com,North,Mouse,Accessories,5,3500.0
573,2024-12-27,Arjun Patel,arjun.patel@example.com,North,Mouse,Accessories,3,2100.0
663,2023-03-10,Rahul Singh,rahul.singh@example.com,North,Mouse,Accessories,4,2800.0
674,2024-04-21,Amit Singh,amit.singh@example.com,North,Mouse,Accessories,3,2100.0
688,2024-05-20,Ravi Patel,ravi.patel@example.com,North,Mouse,Accessories,4,2800.0
716,2023-05-15,Neha Verma,neha.verma@example.com,North,Mouse,Accessories,1,700.0
739,2023-06-29,Arjun Kumar,arjun.kumar@example.com,North,Mouse,Accessories,4,2800.0
749,2023-01-24,Simran Patel,simran.patel@example.com,North,Mouse,Accessories,5,3500.0
755,2023-12-17,Rahul Chopra,rahul.chopra@example.com,North,Mouse,Accessories,2,1400.0
757,2024-06-11,Rahul Singh,rahul.singh@example.com,North,Mouse,Accessories,5,3500.0
769,2023-07-07,Amit Chopra,amit.chopra@example.com,North,Mouse,Accessories,1,700.0
778,2024-10-12,Simran Gupta,simran.gupta@example.com,North,Mouse,Accessories,1,700.0
811,2023-10-25,Ravi Chopra,ravi.chopra@example.com,North,Mouse,Accessories,1,700.0
